-- MySQL dump 10.13  Distrib 5.5.47, for debian-linux-gnu (x86_64)
--
-- Host: localhost    Database: project_cityrus
-- ------------------------------------------------------
-- Server version	5.5.47-0ubuntu0.12.04.1

/*!40101 SET @OLD_CHARACTER_SET_CLIENT=@@CHARACTER_SET_CLIENT */;
/*!40101 SET @OLD_CHARACTER_SET_RESULTS=@@CHARACTER_SET_RESULTS */;
/*!40101 SET @OLD_COLLATION_CONNECTION=@@COLLATION_CONNECTION */;
/*!40101 SET NAMES utf8 */;
/*!40103 SET @OLD_TIME_ZONE=@@TIME_ZONE */;
/*!40103 SET TIME_ZONE='+00:00' */;
/*!40014 SET @OLD_UNIQUE_CHECKS=@@UNIQUE_CHECKS, UNIQUE_CHECKS=0 */;
/*!40014 SET @OLD_FOREIGN_KEY_CHECKS=@@FOREIGN_KEY_CHECKS, FOREIGN_KEY_CHECKS=0 */;
/*!40101 SET @OLD_SQL_MODE=@@SQL_MODE, SQL_MODE='NO_AUTO_VALUE_ON_ZERO' */;
/*!40111 SET @OLD_SQL_NOTES=@@SQL_NOTES, SQL_NOTES=0 */;

--
-- Table structure for table `device_capabilities`
--

DROP TABLE IF EXISTS `device_capabilities`;
/*!40101 SET @saved_cs_client     = @@character_set_client */;
/*!40101 SET character_set_client = utf8 */;
CREATE TABLE `device_capabilities` (
  `id` int(10) unsigned NOT NULL AUTO_INCREMENT,
  `name` varchar(255) COLLATE utf8_unicode_ci NOT NULL,
  `unit` varchar(255) COLLATE utf8_unicode_ci NOT NULL,
  `data_type` varchar(255) COLLATE utf8_unicode_ci NOT NULL,
  `created_at` timestamp NOT NULL DEFAULT '0000-00-00 00:00:00',
  `updated_at` timestamp NOT NULL DEFAULT '0000-00-00 00:00:00',
  `device_id` int(10) unsigned NOT NULL,
  PRIMARY KEY (`id`),
  KEY `device_capabilities_device_id_foreign` (`device_id`),
  CONSTRAINT `device_capabilities_device_id_foreign` FOREIGN KEY (`device_id`) REFERENCES `devices` (`id`)
) ENGINE=InnoDB DEFAULT CHARSET=utf8 COLLATE=utf8_unicode_ci;
/*!40101 SET character_set_client = @saved_cs_client */;

--
-- Dumping data for table `device_capabilities`
--

LOCK TABLES `device_capabilities` WRITE;
/*!40000 ALTER TABLE `device_capabilities` DISABLE KEYS */;
/*!40000 ALTER TABLE `device_capabilities` ENABLE KEYS */;
UNLOCK TABLES;

--
-- Table structure for table `devices`
--

DROP TABLE IF EXISTS `devices`;
/*!40101 SET @saved_cs_client     = @@character_set_client */;
/*!40101 SET character_set_client = utf8 */;
CREATE TABLE `devices` (
  `id` int(10) unsigned NOT NULL AUTO_INCREMENT,
  `device_uuid` varchar(255) COLLATE utf8_unicode_ci NOT NULL,
  `model` varchar(255) COLLATE utf8_unicode_ci NOT NULL,
  `manufacturer` varchar(255) COLLATE utf8_unicode_ci NOT NULL,
  `type` varchar(255) COLLATE utf8_unicode_ci NOT NULL DEFAULT 'smartphone',
  `status` varchar(255) COLLATE utf8_unicode_ci NOT NULL DEFAULT '1',
  `created_at` timestamp NOT NULL DEFAULT '0000-00-00 00:00:00',
  `updated_at` timestamp NOT NULL DEFAULT '0000-00-00 00:00:00',
  `deleted_at` timestamp NULL DEFAULT NULL,
  `user_id` int(10) unsigned NOT NULL,
  PRIMARY KEY (`id`),
  KEY `devices_user_id_foreign` (`user_id`),
  CONSTRAINT `devices_user_id_foreign` FOREIGN KEY (`user_id`) REFERENCES `users` (`id`)
) ENGINE=InnoDB AUTO_INCREMENT=17 DEFAULT CHARSET=utf8 COLLATE=utf8_unicode_ci;
/*!40101 SET character_set_client = @saved_cs_client */;

--
-- Dumping data for table `devices`
--

LOCK TABLES `devices` WRITE;
/*!40000 ALTER TABLE `devices` DISABLE KEYS */;
INSERT INTO `devices` VALUES (1,'test','test','test','smartphone','1','2016-01-22 10:43:46','2016-01-22 10:43:46',NULL,1),(2,'450b56a8ef11328a','ZTE Blade L2','Android','smartphone','1','2016-01-22 13:33:46','2016-01-22 13:33:46',NULL,2),(3,'83c2b3f42d7511a7','GT-I9505','Android','smartphone','1','2016-01-22 13:42:13','2016-01-22 13:42:13',NULL,3),(4,'e38b6d465f1db09f','HTC Desire 620G dual sim','Android','smartphone','1','2016-01-22 23:09:03','2016-01-22 23:09:03',NULL,4),(5,'83c2b3f42d7511a7','GT-I9505','Android','smartphone','1','2016-01-25 08:31:21','2016-01-25 08:31:21',NULL,5),(6,'23bc3fc9758b8f0','Lenovo TAB S8-50F','Android','smartphone','1','2016-01-25 09:41:19','2016-01-25 09:41:19',NULL,6),(7,'450b56a8ef11328a','ZTE Blade L2','Android','smartphone','1','2016-01-25 09:43:15','2016-01-25 09:43:15',NULL,7),(8,'83c2b3f42d7511a7','GT-I9505','Android','smartphone','1','2016-01-25 10:28:53','2016-01-25 10:28:53',NULL,8),(9,'b3c80029176a7ec9','Nexus 4','Android','smartphone','1','2016-01-25 10:34:14','2016-01-25 10:34:14',NULL,9),(10,'83c2b3f42d7511a7','GT-I9505','Android','smartphone','1','2016-01-25 11:45:22','2016-01-25 11:45:22',NULL,10),(11,'83c2b3f42d7511a7','GT-I9505','Android','smartphone','1','2016-01-25 13:40:44','2016-01-25 13:40:44',NULL,11),(12,'c0575bd81db82f1e','LG-D802','Android','smartphone','1','2016-01-25 15:04:33','2016-01-25 15:04:33',NULL,12),(13,'9d7eb8385aa5dfb7','LG-D722','Android','smartphone','1','2016-01-28 09:34:54','2016-01-28 09:34:54',NULL,13),(14,'47f832a9d5fa4b59','GT-S6810P','Android','smartphone','1','2016-01-28 13:31:59','2016-01-28 13:31:59',NULL,14),(15,'5a15876a39de14ac','A9724','Android','smartphone','1','2016-01-29 09:07:23','2016-01-29 09:07:23',NULL,15),(16,'311ca96fb27f04b','GT-I9195','Android','smartphone','1','2016-02-02 08:34:14','2016-02-02 08:34:14',NULL,16);
/*!40000 ALTER TABLE `devices` ENABLE KEYS */;
UNLOCK TABLES;

--
-- Table structure for table `devices_missions`
--

DROP TABLE IF EXISTS `devices_missions`;
/*!40101 SET @saved_cs_client     = @@character_set_client */;
/*!40101 SET character_set_client = utf8 */;
CREATE TABLE `devices_missions` (
  `id` int(10) unsigned NOT NULL AUTO_INCREMENT,
  `device_uuid` varchar(255) COLLATE utf8_unicode_ci NOT NULL,
  `latitude` varchar(255) COLLATE utf8_unicode_ci DEFAULT NULL,
  `longitude` varchar(255) COLLATE utf8_unicode_ci DEFAULT NULL,
  `registration_date` datetime DEFAULT NULL,
  `created_at` timestamp NOT NULL DEFAULT '0000-00-00 00:00:00',
  `updated_at` timestamp NOT NULL DEFAULT '0000-00-00 00:00:00',
  `device_id` int(10) unsigned NOT NULL,
  `mission_id` int(10) unsigned NOT NULL,
  PRIMARY KEY (`id`),
  KEY `devices_missions_device_id_foreign` (`device_id`),
  KEY `devices_missions_mission_id_foreign` (`mission_id`),
  CONSTRAINT `devices_missions_device_id_foreign` FOREIGN KEY (`device_id`) REFERENCES `devices` (`id`),
  CONSTRAINT `devices_missions_mission_id_foreign` FOREIGN KEY (`mission_id`) REFERENCES `missions` (`id`)
) ENGINE=InnoDB AUTO_INCREMENT=18 DEFAULT CHARSET=utf8 COLLATE=utf8_unicode_ci;
/*!40101 SET character_set_client = @saved_cs_client */;

--
-- Dumping data for table `devices_missions`
--

LOCK TABLES `devices_missions` WRITE;
/*!40000 ALTER TABLE `devices_missions` DISABLE KEYS */;
INSERT INTO `devices_missions` VALUES (1,'s.cityrus_O5m8eTmy5t7gkPak.23bc3fc9758b8f0','37.967747','23.715059','2016-01-25 09:41:32','0000-00-00 00:00:00','0000-00-00 00:00:00',6,1),(2,'s.cityrus_CN3TL1WsjadDnbn8.23bc3fc9758b8f0','37.970150','23.722424','2016-01-25 09:49:59','0000-00-00 00:00:00','0000-00-00 00:00:00',6,3),(3,'s.cityrus_O5m8eTmy5t7gkPak.450b56a8ef11328a','37.975833','23.718366','2016-01-25 10:22:25','0000-00-00 00:00:00','0000-00-00 00:00:00',2,1),(4,'s.cityrus_O5m8eTmy5t7gkPak.b3c80029176a7ec9','37.975821','23.718440','2016-01-25 10:40:57','0000-00-00 00:00:00','0000-00-00 00:00:00',9,1),(5,'s.cityrus_bOKPS5Sv8G8KR8WJ.23bc3fc9758b8f0','37.935394','23.647570','2016-01-25 12:27:30','0000-00-00 00:00:00','0000-00-00 00:00:00',6,4),(6,'s.cityrus_bOKPS5Sv8G8KR8WJ.c0575bd81db82f1e','37.970014','23.724775','2016-01-27 05:17:28','0000-00-00 00:00:00','0000-00-00 00:00:00',12,4),(7,'s.cityrus_bOKPS5Sv8G8KR8WJ.9d7eb8385aa5dfb7','37.974364','23.753387','2016-01-28 09:50:31','0000-00-00 00:00:00','0000-00-00 00:00:00',13,4),(8,'s.cityrus_O5m8eTmy5t7gkPak.47f832a9d5fa4b59','37.975771','23.718428','2016-01-28 13:49:59','0000-00-00 00:00:00','0000-00-00 00:00:00',14,1),(9,'s.cityrus_CN3TL1WsjadDnbn8.47f832a9d5fa4b59','37.975786','23.718366','2016-01-28 14:19:39','0000-00-00 00:00:00','0000-00-00 00:00:00',14,3),(10,'s.cityrus_bOKPS5Sv8G8KR8WJ.47f832a9d5fa4b59','37.975406','23.720965','2016-01-28 14:21:31','0000-00-00 00:00:00','0000-00-00 00:00:00',14,4),(11,'s.cityrus_Ymew99uee5QC5OCS.47f832a9d5fa4b59','37.975800','23.718455','2016-01-28 14:41:18','0000-00-00 00:00:00','0000-00-00 00:00:00',14,2),(12,'s.cityrus_CN3TL1WsjadDnbn8.5a15876a39de14ac','37.975842','23.718396','2016-01-29 09:14:56','0000-00-00 00:00:00','0000-00-00 00:00:00',15,3),(13,'s.cityrus_O5m8eTmy5t7gkPak.5a15876a39de14ac','37.975831','23.718408','2016-01-29 09:22:02','0000-00-00 00:00:00','0000-00-00 00:00:00',15,1),(14,'s.cityrus_O5m8eTmy5t7gkPak.test','38.045757','23.858474','2016-01-29 10:56:29','0000-00-00 00:00:00','0000-00-00 00:00:00',1,1),(15,'s.cityrus_bOKPS5Sv8G8KR8WJ.5a15876a39de14ac','37.975837','23.718410','2016-01-29 15:06:10','0000-00-00 00:00:00','0000-00-00 00:00:00',15,4),(16,'s.cityrus_CN3TL1WsjadDnbn8.311ca96fb27f04b','37.974563','23.720405','2016-02-02 08:59:57','0000-00-00 00:00:00','0000-00-00 00:00:00',16,3),(17,'s.cityrus_Ymew99uee5QC5OCS.311ca96fb27f04b','37.976045','23.719775','2016-02-02 13:47:01','0000-00-00 00:00:00','0000-00-00 00:00:00',16,2);
/*!40000 ALTER TABLE `devices_missions` ENABLE KEYS */;
UNLOCK TABLES;

--
-- Table structure for table `invites`
--

DROP TABLE IF EXISTS `invites`;
/*!40101 SET @saved_cs_client     = @@character_set_client */;
/*!40101 SET character_set_client = utf8 */;
CREATE TABLE `invites` (
  `id` int(10) unsigned NOT NULL AUTO_INCREMENT,
  `token` varchar(255) COLLATE utf8_unicode_ci NOT NULL,
  `message` varchar(255) COLLATE utf8_unicode_ci DEFAULT NULL,
  `email` varchar(255) COLLATE utf8_unicode_ci NOT NULL,
  `clicked` tinyint(1) NOT NULL DEFAULT '0',
  `user_id` int(10) unsigned NOT NULL,
  `created_at` timestamp NOT NULL DEFAULT '0000-00-00 00:00:00',
  `updated_at` timestamp NOT NULL DEFAULT '0000-00-00 00:00:00',
  PRIMARY KEY (`id`),
  KEY `invites_user_id_foreign` (`user_id`),
  CONSTRAINT `invites_user_id_foreign` FOREIGN KEY (`user_id`) REFERENCES `users` (`id`)
) ENGINE=InnoDB AUTO_INCREMENT=6 DEFAULT CHARSET=utf8 COLLATE=utf8_unicode_ci;
/*!40101 SET character_set_client = @saved_cs_client */;

--
-- Dumping data for table `invites`
--

LOCK TABLES `invites` WRITE;
/*!40000 ALTER TABLE `invites` DISABLE KEYS */;
INSERT INTO `invites` VALUES (1,'z8ON0fAADdomXxkPurtd',NULL,'Irinitzerm@gmail.com',0,13,'2016-01-28 09:44:49','2016-01-28 09:44:49'),(2,'l9yCzBsjocFCGUYZHU6v',NULL,'thod.iason@gmail.com',0,14,'2016-01-28 14:33:22','2016-01-28 14:33:22'),(3,'IiFWZ71PcbwK8sGNAmL4',NULL,'tselepana@gmail.com',0,15,'2016-01-29 09:18:03','2016-01-29 09:18:03'),(4,'0EAqRDKo0dg4B5LTidFN',NULL,'test@test.test',0,1,'2016-01-29 10:56:17','2016-01-29 10:56:17'),(5,'HzrlqAaWqNLGfs3iZ4Ap',NULL,'thod.iason@gmail.com',0,14,'2016-01-30 20:43:01','2016-01-30 20:43:01');
/*!40000 ALTER TABLE `invites` ENABLE KEYS */;
UNLOCK TABLES;

--
-- Table structure for table `measurements`
--

DROP TABLE IF EXISTS `measurements`;
/*!40101 SET @saved_cs_client     = @@character_set_client */;
/*!40101 SET character_set_client = utf8 */;
CREATE TABLE `measurements` (
  `id` int(10) unsigned NOT NULL AUTO_INCREMENT,
  `device_uuid` varchar(255) COLLATE utf8_unicode_ci NOT NULL,
  `type` varchar(255) COLLATE utf8_unicode_ci DEFAULT NULL,
  `value` varchar(255) COLLATE utf8_unicode_ci DEFAULT NULL,
  `unit` varchar(255) COLLATE utf8_unicode_ci DEFAULT NULL,
  `latitude` varchar(255) COLLATE utf8_unicode_ci NOT NULL,
  `longitude` varchar(255) COLLATE utf8_unicode_ci NOT NULL,
  `observation_date` datetime DEFAULT NULL,
  `observation_id` int(10) unsigned NOT NULL,
  `created_at` timestamp NOT NULL DEFAULT '0000-00-00 00:00:00',
  `updated_at` timestamp NOT NULL DEFAULT '0000-00-00 00:00:00',
  `deleted_at` timestamp NULL DEFAULT NULL,
  PRIMARY KEY (`id`),
  KEY `measurements_observation_id_foreign` (`observation_id`),
  CONSTRAINT `measurements_observation_id_foreign` FOREIGN KEY (`observation_id`) REFERENCES `observations` (`id`)
) ENGINE=InnoDB AUTO_INCREMENT=594 DEFAULT CHARSET=utf8 COLLATE=utf8_unicode_ci;
/*!40101 SET character_set_client = @saved_cs_client */;

--
-- Dumping data for table `measurements`
--

LOCK TABLES `measurements` WRITE;
/*!40000 ALTER TABLE `measurements` DISABLE KEYS */;
INSERT INTO `measurements` VALUES (1,'','location','test','test','37.9677467','23.7150592','2016-01-25 11:41:19',1,'2016-01-25 09:41:33','2016-01-25 09:41:33',NULL),(2,'','route','test','test','37.9677467','23.7150592','2016-01-25 11:48:10',2,'2016-01-25 09:50:00','2016-01-25 09:50:00',NULL),(3,'','route','test','test','37.9677467','23.7150592','2016-01-25 11:48:11',2,'2016-01-25 09:50:00','2016-01-25 09:50:00',NULL),(4,'','route','test','test','37.969718933105','23.715309143066','2016-01-25 11:48:36',2,'2016-01-25 09:50:00','2016-01-25 09:50:00',NULL),(5,'','route','test','test','37.972671508789','23.71675491333','2016-01-25 11:48:49',2,'2016-01-25 09:50:00','2016-01-25 09:50:00',NULL),(6,'','route','test','test','37.972682952881','23.718030929565','2016-01-25 11:49:00',2,'2016-01-25 09:50:00','2016-01-25 09:50:00',NULL),(7,'','route','test','test','37.972179412842','23.721063613892','2016-01-25 11:49:20',2,'2016-01-25 09:50:00','2016-01-25 09:50:00',NULL),(8,'','route','test','test','37.970149993896','23.722423553467','2016-01-25 11:49:37',2,'2016-01-25 09:50:00','2016-01-25 09:50:00',NULL),(9,'','location','test','test','37.9758333','23.7183657','2016-01-25 12:22:23',3,'2016-01-25 10:22:26','2016-01-25 10:22:26',NULL),(10,'','location','test','test','37.9758205','23.7184398','2016-01-25 12:40:55',4,'2016-01-25 10:41:03','2016-01-25 10:41:03',NULL),(11,'','route','test','test','37.9327735','23.6285133','2016-01-25 02:23:29',5,'2016-01-25 12:27:31','2016-01-25 12:27:31',NULL),(12,'','route','test','test','37.932773590088','23.628513336182','2016-01-25 02:23:30',5,'2016-01-25 12:27:31','2016-01-25 12:27:31',NULL),(13,'','route','test','test','37.930046081543','23.627901077271','2016-01-25 02:23:56',5,'2016-01-25 12:27:31','2016-01-25 12:27:31',NULL),(14,'','route','test','test','37.928565979004','23.629413604736','2016-01-25 02:24:08',5,'2016-01-25 12:27:31','2016-01-25 12:27:31',NULL),(15,'','route','test','test','37.929405212402','23.630535125732','2016-01-25 02:24:20',5,'2016-01-25 12:27:31','2016-01-25 12:27:31',NULL),(16,'','route','test','test','37.927406311035','23.631282806396','2016-01-25 02:24:33',5,'2016-01-25 12:27:31','2016-01-25 12:27:31',NULL),(17,'','route','test','test','37.926910400391','23.63418006897','2016-01-25 02:24:46',5,'2016-01-25 12:27:31','2016-01-25 12:27:31',NULL),(18,'','route','test','test','37.926971435547','23.636257171631','2016-01-25 02:24:57',5,'2016-01-25 12:27:31','2016-01-25 12:27:31',NULL),(19,'','route','test','test','37.928104400635','23.638492584229','2016-01-25 02:25:08',5,'2016-01-25 12:27:31','2016-01-25 12:27:31',NULL),(20,'','route','test','test','37.927375793457','23.639993667603','2016-01-25 02:25:19',5,'2016-01-25 12:27:31','2016-01-25 12:27:31',NULL),(21,'','route','test','test','37.928043365479','23.641969680786','2016-01-25 02:25:29',5,'2016-01-25 12:27:31','2016-01-25 12:27:31',NULL),(22,'','route','test','test','37.928413391113','23.643836975098','2016-01-25 02:25:41',5,'2016-01-25 12:27:31','2016-01-25 12:27:31',NULL),(23,'','route','test','test','37.930377960205','23.645477294922','2016-01-25 02:25:53',5,'2016-01-25 12:27:31','2016-01-25 12:27:31',NULL),(24,'','route','test','test','37.932685852051','23.645565032959','2016-01-25 02:26:04',5,'2016-01-25 12:27:31','2016-01-25 12:27:31',NULL),(25,'','route','test','test','37.933422088623','23.647243499756','2016-01-25 02:26:15',5,'2016-01-25 12:27:31','2016-01-25 12:27:31',NULL),(26,'','route','test','test','37.935394287109','23.647569656372','2016-01-25 02:26:26',5,'2016-01-25 12:27:31','2016-01-25 12:27:31',NULL),(27,'','route','test','test','37.969354','23.7287733','2016-01-27 06:49:26',6,'2016-01-27 05:17:35','2016-01-27 05:17:35',NULL),(28,'','route','test','test','37.96935565','23.72874612','2016-01-27 06:49:26',6,'2016-01-27 05:17:35','2016-01-27 05:17:35',NULL),(29,'','route','test','test','37.96937597','23.72847129','2016-01-27 06:49:39',6,'2016-01-27 05:17:36','2016-01-27 05:17:36',NULL),(30,'','route','test','test','37.96935101','23.72830116','2016-01-27 06:49:49',6,'2016-01-27 05:17:36','2016-01-27 05:17:36',NULL),(31,'','route','test','test','37.96937329','23.72802008','2016-01-27 06:49:59',6,'2016-01-27 05:17:36','2016-01-27 05:17:36',NULL),(32,'','route','test','test','37.9694979','23.72748243','2016-01-27 06:50:19',6,'2016-01-27 05:17:36','2016-01-27 05:17:36',NULL),(33,'','route','test','test','37.96966413','23.72717768','2016-01-27 06:50:30',6,'2016-01-27 05:17:36','2016-01-27 05:17:36',NULL),(34,'','route','test','test','37.9695881','23.72673665','2016-01-27 06:50:49',6,'2016-01-27 05:17:36','2016-01-27 05:17:36',NULL),(35,'','route','test','test','37.9696856','23.72651287','2016-01-27 06:51:00',6,'2016-01-27 05:17:36','2016-01-27 05:17:36',NULL),(36,'','route','test','test','37.96990048','23.72602157','2016-01-27 06:51:19',6,'2016-01-27 05:17:37','2016-01-27 05:17:37',NULL),(37,'','route','test','test','37.96985194','23.72558146','2016-01-27 06:51:39',6,'2016-01-27 05:17:37','2016-01-27 05:17:37',NULL),(38,'','route','test','test','37.96986534','23.72523036','2016-01-27 06:51:50',6,'2016-01-27 05:17:37','2016-01-27 05:17:37',NULL),(39,'','route','test','test','37.96990812','23.7246791','2016-01-27 06:52:11',6,'2016-01-27 05:17:37','2016-01-27 05:17:37',NULL),(40,'','route','test','test','37.97003494','23.72411836','2016-01-27 06:52:32',6,'2016-01-27 05:17:37','2016-01-27 05:17:37',NULL),(41,'','route','test','test','37.97003086','23.72383169','2016-01-27 06:52:44',6,'2016-01-27 05:17:37','2016-01-27 05:17:37',NULL),(42,'','route','test','test','37.97002032','23.7232799','2016-01-27 06:53:03',6,'2016-01-27 05:17:37','2016-01-27 05:17:37',NULL),(43,'','route','test','test','37.97017231','23.72268538','2016-01-27 06:53:26',6,'2016-01-27 05:17:37','2016-01-27 05:17:37',NULL),(44,'','route','test','test','37.97014829','23.72238579','2016-01-27 06:53:38',6,'2016-01-27 05:17:37','2016-01-27 05:17:37',NULL),(45,'','route','test','test','37.96987219','23.72250757','2016-01-27 06:53:47',6,'2016-01-27 05:17:38','2016-01-27 05:17:38',NULL),(46,'','route','test','test','37.96980825','23.72278351','2016-01-27 06:53:58',6,'2016-01-27 05:17:38','2016-01-27 05:17:38',NULL),(47,'','route','test','test','37.9695846','23.7232349','2016-01-27 06:54:18',6,'2016-01-27 05:17:38','2016-01-27 05:17:38',NULL),(48,'','route','test','test','37.96943958','23.72341573','2016-01-27 06:54:27',6,'2016-01-27 05:17:38','2016-01-27 05:17:38',NULL),(49,'','route','test','test','37.9691918','23.7234703','2016-01-27 06:54:38',6,'2016-01-27 05:17:38','2016-01-27 05:17:38',NULL),(50,'','route','test','test','37.96891511','23.72352023','2016-01-27 06:54:59',6,'2016-01-27 05:17:38','2016-01-27 05:17:38',NULL),(51,'','route','test','test','37.96850422','23.72364877','2016-01-27 06:55:18',6,'2016-01-27 05:17:38','2016-01-27 05:17:38',NULL),(52,'','route','test','test','37.96826391','23.72383085','2016-01-27 06:55:37',6,'2016-01-27 05:17:38','2016-01-27 05:17:38',NULL),(53,'','route','test','test','37.96808268','23.72374983','2016-01-27 06:55:48',6,'2016-01-27 05:17:38','2016-01-27 05:17:38',NULL),(54,'','route','test','test','37.96784811','23.72371414','2016-01-27 06:55:59',6,'2016-01-27 05:17:38','2016-01-27 05:17:38',NULL),(55,'','route','test','test','37.96746507','23.72352901','2016-01-27 06:56:17',6,'2016-01-27 05:17:38','2016-01-27 05:17:38',NULL),(56,'','route','test','test','37.9673034','23.72349713','2016-01-27 06:56:29',6,'2016-01-27 05:17:38','2016-01-27 05:17:38',NULL),(57,'','route','test','test','37.96703257','23.72324668','2016-01-27 06:56:39',6,'2016-01-27 05:17:38','2016-01-27 05:17:38',NULL),(58,'','route','test','test','37.96670285','23.72297418','2016-01-27 06:57:00',6,'2016-01-27 05:17:38','2016-01-27 05:17:38',NULL),(59,'','route','test','test','37.96664807','23.72285473','2016-01-27 06:57:04',6,'2016-01-27 05:17:38','2016-01-27 05:17:38',NULL),(60,'','route','test','test','37.96644241','23.72244241','2016-01-27 06:57:23',6,'2016-01-27 05:17:38','2016-01-27 05:17:38',NULL),(61,'','route','test','test','37.96628116','23.72235892','2016-01-27 06:57:35',6,'2016-01-27 05:17:39','2016-01-27 05:17:39',NULL),(62,'','route','test','test','37.9659298','23.72186487','2016-01-27 06:57:54',6,'2016-01-27 05:17:39','2016-01-27 05:17:39',NULL),(63,'','route','test','test','37.96570938','23.7214349','2016-01-27 06:58:06',6,'2016-01-27 05:17:39','2016-01-27 05:17:39',NULL),(64,'','route','test','test','37.96543098','23.72096644','2016-01-27 06:58:28',6,'2016-01-27 05:17:39','2016-01-27 05:17:39',NULL),(65,'','route','test','test','37.96540693','23.72077586','2016-01-27 06:58:39',6,'2016-01-27 05:17:39','2016-01-27 05:17:39',NULL),(66,'','route','test','test','37.96530764','23.72057838','2016-01-27 06:58:49',6,'2016-01-27 05:17:39','2016-01-27 05:17:39',NULL),(67,'','route','test','test','37.9652756','23.72025557','2016-01-27 06:58:58',6,'2016-01-27 05:17:39','2016-01-27 05:17:39',NULL),(68,'','route','test','test','37.96526471','23.71992339','2016-01-27 06:59:09',6,'2016-01-27 05:17:39','2016-01-27 05:17:39',NULL),(69,'','route','test','test','37.96531441','23.71963912','2016-01-27 06:59:18',6,'2016-01-27 05:17:39','2016-01-27 05:17:39',NULL),(70,'','route','test','test','37.96526364','23.71928306','2016-01-27 06:59:28',6,'2016-01-27 05:17:39','2016-01-27 05:17:39',NULL),(71,'','route','test','test','37.96514911','23.71895448','2016-01-27 06:59:40',6,'2016-01-27 05:17:39','2016-01-27 05:17:39',NULL),(72,'','route','test','test','37.96505915','23.71872978','2016-01-27 06:59:50',6,'2016-01-27 05:17:39','2016-01-27 05:17:39',NULL),(73,'','route','test','test','37.96502215','23.71858063','2016-01-27 06:59:55',6,'2016-01-27 05:17:39','2016-01-27 05:17:39',NULL),(74,'','route','test','test','37.96510835','23.71835408','2016-01-27 07:00:05',6,'2016-01-27 05:17:39','2016-01-27 05:17:39',NULL),(75,'','route','test','test','37.96510052','23.71819327','2016-01-27 07:00:16',6,'2016-01-27 05:17:39','2016-01-27 05:17:39',NULL),(76,'','route','test','test','37.96505065','23.71801641','2016-01-27 07:00:26',6,'2016-01-27 05:17:39','2016-01-27 05:17:39',NULL),(77,'','route','test','test','37.96498978','23.71751078','2016-01-27 07:00:37',6,'2016-01-27 05:17:39','2016-01-27 05:17:39',NULL),(78,'','route','test','test','37.96510834','23.71698192','2016-01-27 07:00:58',6,'2016-01-27 05:17:39','2016-01-27 05:17:39',NULL),(79,'','route','test','test','37.96547083','23.71651546','2016-01-27 07:01:18',6,'2016-01-27 05:17:40','2016-01-27 05:17:40',NULL),(80,'','route','test','test','37.96555586','23.71643352','2016-01-27 07:01:22',6,'2016-01-27 05:17:40','2016-01-27 05:17:40',NULL),(81,'','route','test','test','37.96586139','23.71606404','2016-01-27 07:01:41',6,'2016-01-27 05:17:40','2016-01-27 05:17:40',NULL),(82,'','route','test','test','37.96601046','23.71590245','2016-01-27 07:01:51',6,'2016-01-27 05:17:40','2016-01-27 05:17:40',NULL),(83,'','route','test','test','37.96640834','23.71566793','2016-01-27 07:02:10',6,'2016-01-27 05:17:40','2016-01-27 05:17:40',NULL),(84,'','route','test','test','37.96648627','23.71558313','2016-01-27 07:02:14',6,'2016-01-27 05:17:40','2016-01-27 05:17:40',NULL),(85,'','route','test','test','37.96682326','23.71525554','2016-01-27 07:02:32',6,'2016-01-27 05:17:40','2016-01-27 05:17:40',NULL),(86,'','route','test','test','37.96721811','23.71502783','2016-01-27 07:02:52',6,'2016-01-27 05:17:40','2016-01-27 05:17:40',NULL),(87,'','route','test','test','37.96730583','23.71494644','2016-01-27 07:02:56',6,'2016-01-27 05:17:40','2016-01-27 05:17:40',NULL),(88,'','route','test','test','37.96771561','23.71477135','2016-01-27 07:03:18',6,'2016-01-27 05:17:40','2016-01-27 05:17:40',NULL),(89,'','route','test','test','37.96798467','23.71475292','2016-01-27 07:03:30',6,'2016-01-27 05:17:40','2016-01-27 05:17:40',NULL),(90,'','route','test','test','37.96846199','23.71475659','2016-01-27 07:03:52',6,'2016-01-27 05:17:40','2016-01-27 05:17:40',NULL),(91,'','route','test','test','37.968952','23.71492039','2016-01-27 07:04:14',6,'2016-01-27 05:17:40','2016-01-27 05:17:40',NULL),(92,'','route','test','test','37.96912471','23.71503212','2016-01-27 07:04:24',6,'2016-01-27 05:17:40','2016-01-27 05:17:40',NULL),(93,'','route','test','test','37.96930128','23.7152023','2016-01-27 07:04:34',6,'2016-01-27 05:17:40','2016-01-27 05:17:40',NULL),(94,'','route','test','test','37.96968003','23.71520983','2016-01-27 07:04:56',6,'2016-01-27 05:17:40','2016-01-27 05:17:40',NULL),(95,'','route','test','test','37.9698508','23.71528657','2016-01-27 07:05:08',6,'2016-01-27 05:17:40','2016-01-27 05:17:40',NULL),(96,'','route','test','test','37.96998694','23.71546948','2016-01-27 07:05:18',6,'2016-01-27 05:17:40','2016-01-27 05:17:40',NULL),(97,'','route','test','test','37.97019148','23.71547998','2016-01-27 07:05:28',6,'2016-01-27 05:17:40','2016-01-27 05:17:40',NULL),(98,'','route','test','test','37.97039662','23.71556148','2016-01-27 07:05:38',6,'2016-01-27 05:17:41','2016-01-27 05:17:41',NULL),(99,'','route','test','test','37.97060649','23.7156608','2016-01-27 07:05:48',6,'2016-01-27 05:17:41','2016-01-27 05:17:41',NULL),(100,'','route','test','test','37.97074479','23.71585854','2016-01-27 07:05:58',6,'2016-01-27 05:17:41','2016-01-27 05:17:41',NULL),(101,'','route','test','test','37.9709533','23.71594545','2016-01-27 07:06:08',6,'2016-01-27 05:17:41','2016-01-27 05:17:41',NULL),(102,'','route','test','test','37.97112247','23.71598807','2016-01-27 07:06:18',6,'2016-01-27 05:17:41','2016-01-27 05:17:41',NULL),(103,'','route','test','test','37.97132539','23.71600936','2016-01-27 07:06:28',6,'2016-01-27 05:17:41','2016-01-27 05:17:41',NULL),(104,'','route','test','test','37.97150115','23.71612812','2016-01-27 07:06:38',6,'2016-01-27 05:17:41','2016-01-27 05:17:41',NULL),(105,'','route','test','test','37.97172934','23.71629621','2016-01-27 07:06:48',6,'2016-01-27 05:17:41','2016-01-27 05:17:41',NULL),(106,'','route','test','test','37.97189967','23.71629278','2016-01-27 07:06:58',6,'2016-01-27 05:17:41','2016-01-27 05:17:41',NULL),(107,'','route','test','test','37.97206383','23.71636733','2016-01-27 07:07:08',6,'2016-01-27 05:17:41','2016-01-27 05:17:41',NULL),(108,'','route','test','test','37.97230786','23.71655754','2016-01-27 07:07:18',6,'2016-01-27 05:17:41','2016-01-27 05:17:41',NULL),(109,'','route','test','test','37.97242193','23.71658504','2016-01-27 07:07:28',6,'2016-01-27 05:17:41','2016-01-27 05:17:41',NULL),(110,'','route','test','test','37.97256279','23.71670928','2016-01-27 07:07:38',6,'2016-01-27 05:17:41','2016-01-27 05:17:41',NULL),(111,'','route','test','test','37.97267435','23.71665504','2016-01-27 07:07:49',6,'2016-01-27 05:17:41','2016-01-27 05:17:41',NULL),(112,'','route','test','test','37.97308114','23.71701988','2016-01-27 07:07:59',6,'2016-01-27 05:17:41','2016-01-27 05:17:41',NULL),(113,'','route','test','test','37.9735044','23.71699541','2016-01-27 07:08:18',6,'2016-01-27 05:17:41','2016-01-27 05:17:41',NULL),(114,'','route','test','test','37.9737383','23.71703799','2016-01-27 07:08:28',6,'2016-01-27 05:17:41','2016-01-27 05:17:41',NULL),(115,'','route','test','test','37.97393611','23.71716491','2016-01-27 07:08:38',6,'2016-01-27 05:17:41','2016-01-27 05:17:41',NULL),(116,'','route','test','test','37.97407508','23.71734987','2016-01-27 07:08:48',6,'2016-01-27 05:17:41','2016-01-27 05:17:41',NULL),(117,'','route','test','test','37.9741464','23.71751039','2016-01-27 07:08:58',6,'2016-01-27 05:17:41','2016-01-27 05:17:41',NULL),(118,'','route','test','test','37.97423277','23.71792714','2016-01-27 07:09:18',6,'2016-01-27 05:17:41','2016-01-27 05:17:41',NULL),(119,'','route','test','test','37.9742638','23.71817872','2016-01-27 07:09:28',6,'2016-01-27 05:17:41','2016-01-27 05:17:41',NULL),(120,'','route','test','test','37.97426368','23.71843378','2016-01-27 07:09:38',6,'2016-01-27 05:17:41','2016-01-27 05:17:41',NULL),(121,'','route','test','test','37.97434208','23.71859487','2016-01-27 07:09:48',6,'2016-01-27 05:17:41','2016-01-27 05:17:41',NULL),(122,'','route','test','test','37.97444805','23.71894523','2016-01-27 07:09:58',6,'2016-01-27 05:17:41','2016-01-27 05:17:41',NULL),(123,'','route','test','test','37.9744086','23.71932427','2016-01-27 07:10:08',6,'2016-01-27 05:17:41','2016-01-27 05:17:41',NULL),(124,'','route','test','test','37.97427995','23.71957561','2016-01-27 07:10:18',6,'2016-01-27 05:17:41','2016-01-27 05:17:41',NULL),(125,'','route','test','test','37.97426558','23.71980108','2016-01-27 07:10:28',6,'2016-01-27 05:17:41','2016-01-27 05:17:41',NULL),(126,'','route','test','test','37.97418542','23.72002956','2016-01-27 07:10:39',6,'2016-01-27 05:17:42','2016-01-27 05:17:42',NULL),(127,'','route','test','test','37.9740608','23.72008821','2016-01-27 07:10:57',6,'2016-01-27 05:17:42','2016-01-27 05:17:42',NULL),(128,'','route','test','test','37.97392507','23.72016233','2016-01-27 07:11:17',6,'2016-01-27 05:17:42','2016-01-27 05:17:42',NULL),(129,'','route','test','test','37.97374185','23.72017236','2016-01-27 07:11:28',6,'2016-01-27 05:17:42','2016-01-27 05:17:42',NULL),(130,'','route','test','test','37.97365491','23.72023028','2016-01-27 07:11:38',6,'2016-01-27 05:17:42','2016-01-27 05:17:42',NULL),(131,'','route','test','test','37.97322585','23.72046821','2016-01-27 07:11:59',6,'2016-01-27 05:17:42','2016-01-27 05:17:42',NULL),(132,'','route','test','test','37.97283878','23.72050131','2016-01-27 07:12:18',6,'2016-01-27 05:17:42','2016-01-27 05:17:42',NULL),(133,'','route','test','test','37.97266831','23.72063468','2016-01-27 07:12:28',6,'2016-01-27 05:17:42','2016-01-27 05:17:42',NULL),(134,'','route','test','test','37.972565','23.72071321','2016-01-27 07:12:38',6,'2016-01-27 05:17:42','2016-01-27 05:17:42',NULL),(135,'','route','test','test','37.97222531','23.72061594','2016-01-27 07:12:58',6,'2016-01-27 05:17:42','2016-01-27 05:17:42',NULL),(136,'','route','test','test','37.97214063','23.72057525','2016-01-27 07:13:08',6,'2016-01-27 05:17:42','2016-01-27 05:17:42',NULL),(137,'','route','test','test','37.97193907','23.72075173','2016-01-27 07:13:18',6,'2016-01-27 05:17:42','2016-01-27 05:17:42',NULL),(138,'','route','test','test','37.97184683','23.72070369','2016-01-27 07:13:29',6,'2016-01-27 05:17:42','2016-01-27 05:17:42',NULL),(139,'','route','test','test','37.97164503','23.7209258','2016-01-27 07:13:39',6,'2016-01-27 05:17:42','2016-01-27 05:17:42',NULL),(140,'','route','test','test','37.97145912','23.7211122','2016-01-27 07:13:58',6,'2016-01-27 05:17:42','2016-01-27 05:17:42',NULL),(141,'','route','test','test','37.97130277','23.72115046','2016-01-27 07:14:08',6,'2016-01-27 05:17:42','2016-01-27 05:17:42',NULL),(142,'','route','test','test','37.97099422','23.7211722','2016-01-27 07:14:18',6,'2016-01-27 05:17:42','2016-01-27 05:17:42',NULL),(143,'','route','test','test','37.97089756','23.72119596','2016-01-27 07:14:22',6,'2016-01-27 05:17:42','2016-01-27 05:17:42',NULL),(144,'','route','test','test','37.97076398','23.72131287','2016-01-27 07:14:28',6,'2016-01-27 05:17:42','2016-01-27 05:17:42',NULL),(145,'','route','test','test','37.97076861','23.72186249','2016-01-27 07:14:38',6,'2016-01-27 05:17:42','2016-01-27 05:17:42',NULL),(146,'','route','test','test','37.97029378','23.7224631','2016-01-27 07:14:58',6,'2016-01-27 05:17:42','2016-01-27 05:17:42',NULL),(147,'','route','test','test','37.97005808','23.72304267','2016-01-27 07:15:27',6,'2016-01-27 05:17:42','2016-01-27 05:17:42',NULL),(148,'','route','test','test','37.97013094','23.72352014','2016-01-27 07:15:48',6,'2016-01-27 05:17:42','2016-01-27 05:17:42',NULL),(149,'','route','test','test','37.96998117','23.72410483','2016-01-27 07:16:10',6,'2016-01-27 05:17:43','2016-01-27 05:17:43',NULL),(150,'','route','test','test','37.96989072','23.72438848','2016-01-27 07:16:25',6,'2016-01-27 05:17:43','2016-01-27 05:17:43',NULL),(151,'','route','test','test','37.96991666','23.72464471','2016-01-27 07:16:36',6,'2016-01-27 05:17:43','2016-01-27 05:17:43',NULL),(152,'','route','test','test','37.97001417','23.7247746','2016-01-27 07:16:47',6,'2016-01-27 05:17:43','2016-01-27 05:17:43',NULL),(153,'','route','test','test','37.969354','23.7287733','2016-01-27 06:49:26',7,'2016-01-27 06:03:02','2016-01-27 06:03:02',NULL),(154,'','route','test','test','37.96935565','23.72874612','2016-01-27 06:49:26',7,'2016-01-27 06:03:02','2016-01-27 06:03:02',NULL),(155,'','route','test','test','37.96937597','23.72847129','2016-01-27 06:49:39',7,'2016-01-27 06:03:02','2016-01-27 06:03:02',NULL),(156,'','route','test','test','37.96935101','23.72830116','2016-01-27 06:49:49',7,'2016-01-27 06:03:02','2016-01-27 06:03:02',NULL),(157,'','route','test','test','37.96937329','23.72802008','2016-01-27 06:49:59',7,'2016-01-27 06:03:02','2016-01-27 06:03:02',NULL),(158,'','route','test','test','37.9694979','23.72748243','2016-01-27 06:50:19',7,'2016-01-27 06:03:02','2016-01-27 06:03:02',NULL),(159,'','route','test','test','37.96966413','23.72717768','2016-01-27 06:50:30',7,'2016-01-27 06:03:02','2016-01-27 06:03:02',NULL),(160,'','route','test','test','37.9695881','23.72673665','2016-01-27 06:50:49',7,'2016-01-27 06:03:02','2016-01-27 06:03:02',NULL),(161,'','route','test','test','37.9696856','23.72651287','2016-01-27 06:51:00',7,'2016-01-27 06:03:02','2016-01-27 06:03:02',NULL),(162,'','route','test','test','37.96990048','23.72602157','2016-01-27 06:51:19',7,'2016-01-27 06:03:02','2016-01-27 06:03:02',NULL),(163,'','route','test','test','37.96985194','23.72558146','2016-01-27 06:51:39',7,'2016-01-27 06:03:02','2016-01-27 06:03:02',NULL),(164,'','route','test','test','37.96986534','23.72523036','2016-01-27 06:51:50',7,'2016-01-27 06:03:02','2016-01-27 06:03:02',NULL),(165,'','route','test','test','37.96990812','23.7246791','2016-01-27 06:52:11',7,'2016-01-27 06:03:02','2016-01-27 06:03:02',NULL),(166,'','route','test','test','37.97003494','23.72411836','2016-01-27 06:52:32',7,'2016-01-27 06:03:02','2016-01-27 06:03:02',NULL),(167,'','route','test','test','37.97003086','23.72383169','2016-01-27 06:52:44',7,'2016-01-27 06:03:02','2016-01-27 06:03:02',NULL),(168,'','route','test','test','37.97002032','23.7232799','2016-01-27 06:53:03',7,'2016-01-27 06:03:02','2016-01-27 06:03:02',NULL),(169,'','route','test','test','37.97017231','23.72268538','2016-01-27 06:53:26',7,'2016-01-27 06:03:02','2016-01-27 06:03:02',NULL),(170,'','route','test','test','37.97014829','23.72238579','2016-01-27 06:53:38',7,'2016-01-27 06:03:02','2016-01-27 06:03:02',NULL),(171,'','route','test','test','37.96987219','23.72250757','2016-01-27 06:53:47',7,'2016-01-27 06:03:02','2016-01-27 06:03:02',NULL),(172,'','route','test','test','37.96980825','23.72278351','2016-01-27 06:53:58',7,'2016-01-27 06:03:02','2016-01-27 06:03:02',NULL),(173,'','route','test','test','37.9695846','23.7232349','2016-01-27 06:54:18',7,'2016-01-27 06:03:02','2016-01-27 06:03:02',NULL),(174,'','route','test','test','37.96943958','23.72341573','2016-01-27 06:54:27',7,'2016-01-27 06:03:02','2016-01-27 06:03:02',NULL),(175,'','route','test','test','37.9691918','23.7234703','2016-01-27 06:54:38',7,'2016-01-27 06:03:02','2016-01-27 06:03:02',NULL),(176,'','route','test','test','37.96891511','23.72352023','2016-01-27 06:54:59',7,'2016-01-27 06:03:02','2016-01-27 06:03:02',NULL),(177,'','route','test','test','37.96850422','23.72364877','2016-01-27 06:55:18',7,'2016-01-27 06:03:02','2016-01-27 06:03:02',NULL),(178,'','route','test','test','37.96826391','23.72383085','2016-01-27 06:55:37',7,'2016-01-27 06:03:02','2016-01-27 06:03:02',NULL),(179,'','route','test','test','37.96808268','23.72374983','2016-01-27 06:55:48',7,'2016-01-27 06:03:02','2016-01-27 06:03:02',NULL),(180,'','route','test','test','37.96784811','23.72371414','2016-01-27 06:55:59',7,'2016-01-27 06:03:02','2016-01-27 06:03:02',NULL),(181,'','route','test','test','37.96746507','23.72352901','2016-01-27 06:56:17',7,'2016-01-27 06:03:02','2016-01-27 06:03:02',NULL),(182,'','route','test','test','37.9673034','23.72349713','2016-01-27 06:56:29',7,'2016-01-27 06:03:02','2016-01-27 06:03:02',NULL),(183,'','route','test','test','37.96703257','23.72324668','2016-01-27 06:56:39',7,'2016-01-27 06:03:02','2016-01-27 06:03:02',NULL),(184,'','route','test','test','37.96670285','23.72297418','2016-01-27 06:57:00',7,'2016-01-27 06:03:02','2016-01-27 06:03:02',NULL),(185,'','route','test','test','37.96664807','23.72285473','2016-01-27 06:57:04',7,'2016-01-27 06:03:02','2016-01-27 06:03:02',NULL),(186,'','route','test','test','37.96644241','23.72244241','2016-01-27 06:57:23',7,'2016-01-27 06:03:02','2016-01-27 06:03:02',NULL),(187,'','route','test','test','37.96628116','23.72235892','2016-01-27 06:57:35',7,'2016-01-27 06:03:02','2016-01-27 06:03:02',NULL),(188,'','route','test','test','37.9659298','23.72186487','2016-01-27 06:57:54',7,'2016-01-27 06:03:03','2016-01-27 06:03:03',NULL),(189,'','route','test','test','37.96570938','23.7214349','2016-01-27 06:58:06',7,'2016-01-27 06:03:03','2016-01-27 06:03:03',NULL),(190,'','route','test','test','37.96543098','23.72096644','2016-01-27 06:58:28',7,'2016-01-27 06:03:03','2016-01-27 06:03:03',NULL),(191,'','route','test','test','37.96540693','23.72077586','2016-01-27 06:58:39',7,'2016-01-27 06:03:03','2016-01-27 06:03:03',NULL),(192,'','route','test','test','37.96530764','23.72057838','2016-01-27 06:58:49',7,'2016-01-27 06:03:03','2016-01-27 06:03:03',NULL),(193,'','route','test','test','37.9652756','23.72025557','2016-01-27 06:58:58',7,'2016-01-27 06:03:03','2016-01-27 06:03:03',NULL),(194,'','route','test','test','37.96526471','23.71992339','2016-01-27 06:59:09',7,'2016-01-27 06:03:03','2016-01-27 06:03:03',NULL),(195,'','route','test','test','37.96531441','23.71963912','2016-01-27 06:59:18',7,'2016-01-27 06:03:03','2016-01-27 06:03:03',NULL),(196,'','route','test','test','37.96526364','23.71928306','2016-01-27 06:59:28',7,'2016-01-27 06:03:03','2016-01-27 06:03:03',NULL),(197,'','route','test','test','37.96514911','23.71895448','2016-01-27 06:59:40',7,'2016-01-27 06:03:03','2016-01-27 06:03:03',NULL),(198,'','route','test','test','37.96505915','23.71872978','2016-01-27 06:59:50',7,'2016-01-27 06:03:03','2016-01-27 06:03:03',NULL),(199,'','route','test','test','37.96502215','23.71858063','2016-01-27 06:59:55',7,'2016-01-27 06:03:03','2016-01-27 06:03:03',NULL),(200,'','route','test','test','37.96510835','23.71835408','2016-01-27 07:00:05',7,'2016-01-27 06:03:03','2016-01-27 06:03:03',NULL),(201,'','route','test','test','37.96510052','23.71819327','2016-01-27 07:00:16',7,'2016-01-27 06:03:03','2016-01-27 06:03:03',NULL),(202,'','route','test','test','37.96505065','23.71801641','2016-01-27 07:00:26',7,'2016-01-27 06:03:03','2016-01-27 06:03:03',NULL),(203,'','route','test','test','37.96498978','23.71751078','2016-01-27 07:00:37',7,'2016-01-27 06:03:03','2016-01-27 06:03:03',NULL),(204,'','route','test','test','37.96510834','23.71698192','2016-01-27 07:00:58',7,'2016-01-27 06:03:03','2016-01-27 06:03:03',NULL),(205,'','route','test','test','37.96547083','23.71651546','2016-01-27 07:01:18',7,'2016-01-27 06:03:03','2016-01-27 06:03:03',NULL),(206,'','route','test','test','37.96555586','23.71643352','2016-01-27 07:01:22',7,'2016-01-27 06:03:03','2016-01-27 06:03:03',NULL),(207,'','route','test','test','37.96586139','23.71606404','2016-01-27 07:01:41',7,'2016-01-27 06:03:03','2016-01-27 06:03:03',NULL),(208,'','route','test','test','37.96601046','23.71590245','2016-01-27 07:01:51',7,'2016-01-27 06:03:03','2016-01-27 06:03:03',NULL),(209,'','route','test','test','37.96640834','23.71566793','2016-01-27 07:02:10',7,'2016-01-27 06:03:03','2016-01-27 06:03:03',NULL),(210,'','route','test','test','37.96648627','23.71558313','2016-01-27 07:02:14',7,'2016-01-27 06:03:03','2016-01-27 06:03:03',NULL),(211,'','route','test','test','37.96682326','23.71525554','2016-01-27 07:02:32',7,'2016-01-27 06:03:03','2016-01-27 06:03:03',NULL),(212,'','route','test','test','37.96721811','23.71502783','2016-01-27 07:02:52',7,'2016-01-27 06:03:03','2016-01-27 06:03:03',NULL),(213,'','route','test','test','37.96730583','23.71494644','2016-01-27 07:02:56',7,'2016-01-27 06:03:03','2016-01-27 06:03:03',NULL),(214,'','route','test','test','37.96771561','23.71477135','2016-01-27 07:03:18',7,'2016-01-27 06:03:03','2016-01-27 06:03:03',NULL),(215,'','route','test','test','37.96798467','23.71475292','2016-01-27 07:03:30',7,'2016-01-27 06:03:03','2016-01-27 06:03:03',NULL),(216,'','route','test','test','37.96846199','23.71475659','2016-01-27 07:03:52',7,'2016-01-27 06:03:04','2016-01-27 06:03:04',NULL),(217,'','route','test','test','37.968952','23.71492039','2016-01-27 07:04:14',7,'2016-01-27 06:03:04','2016-01-27 06:03:04',NULL),(218,'','route','test','test','37.96912471','23.71503212','2016-01-27 07:04:24',7,'2016-01-27 06:03:04','2016-01-27 06:03:04',NULL),(219,'','route','test','test','37.96930128','23.7152023','2016-01-27 07:04:34',7,'2016-01-27 06:03:04','2016-01-27 06:03:04',NULL),(220,'','route','test','test','37.96968003','23.71520983','2016-01-27 07:04:56',7,'2016-01-27 06:03:04','2016-01-27 06:03:04',NULL),(221,'','route','test','test','37.9698508','23.71528657','2016-01-27 07:05:08',7,'2016-01-27 06:03:04','2016-01-27 06:03:04',NULL),(222,'','route','test','test','37.96998694','23.71546948','2016-01-27 07:05:18',7,'2016-01-27 06:03:04','2016-01-27 06:03:04',NULL),(223,'','route','test','test','37.97019148','23.71547998','2016-01-27 07:05:28',7,'2016-01-27 06:03:04','2016-01-27 06:03:04',NULL),(224,'','route','test','test','37.97039662','23.71556148','2016-01-27 07:05:38',7,'2016-01-27 06:03:04','2016-01-27 06:03:04',NULL),(225,'','route','test','test','37.97060649','23.7156608','2016-01-27 07:05:48',7,'2016-01-27 06:03:04','2016-01-27 06:03:04',NULL),(226,'','route','test','test','37.97074479','23.71585854','2016-01-27 07:05:58',7,'2016-01-27 06:03:04','2016-01-27 06:03:04',NULL),(227,'','route','test','test','37.9709533','23.71594545','2016-01-27 07:06:08',7,'2016-01-27 06:03:04','2016-01-27 06:03:04',NULL),(228,'','route','test','test','37.97112247','23.71598807','2016-01-27 07:06:18',7,'2016-01-27 06:03:04','2016-01-27 06:03:04',NULL),(229,'','route','test','test','37.97132539','23.71600936','2016-01-27 07:06:28',7,'2016-01-27 06:03:04','2016-01-27 06:03:04',NULL),(230,'','route','test','test','37.97150115','23.71612812','2016-01-27 07:06:38',7,'2016-01-27 06:03:04','2016-01-27 06:03:04',NULL),(231,'','route','test','test','37.97172934','23.71629621','2016-01-27 07:06:48',7,'2016-01-27 06:03:04','2016-01-27 06:03:04',NULL),(232,'','route','test','test','37.97189967','23.71629278','2016-01-27 07:06:58',7,'2016-01-27 06:03:04','2016-01-27 06:03:04',NULL),(233,'','route','test','test','37.97206383','23.71636733','2016-01-27 07:07:08',7,'2016-01-27 06:03:04','2016-01-27 06:03:04',NULL),(234,'','route','test','test','37.97230786','23.71655754','2016-01-27 07:07:18',7,'2016-01-27 06:03:04','2016-01-27 06:03:04',NULL),(235,'','route','test','test','37.97242193','23.71658504','2016-01-27 07:07:28',7,'2016-01-27 06:03:04','2016-01-27 06:03:04',NULL),(236,'','route','test','test','37.97256279','23.71670928','2016-01-27 07:07:38',7,'2016-01-27 06:03:04','2016-01-27 06:03:04',NULL),(237,'','route','test','test','37.97267435','23.71665504','2016-01-27 07:07:49',7,'2016-01-27 06:03:04','2016-01-27 06:03:04',NULL),(238,'','route','test','test','37.97308114','23.71701988','2016-01-27 07:07:59',7,'2016-01-27 06:03:04','2016-01-27 06:03:04',NULL),(239,'','route','test','test','37.9735044','23.71699541','2016-01-27 07:08:18',7,'2016-01-27 06:03:04','2016-01-27 06:03:04',NULL),(240,'','route','test','test','37.9737383','23.71703799','2016-01-27 07:08:28',7,'2016-01-27 06:03:04','2016-01-27 06:03:04',NULL),(241,'','route','test','test','37.97393611','23.71716491','2016-01-27 07:08:38',7,'2016-01-27 06:03:04','2016-01-27 06:03:04',NULL),(242,'','route','test','test','37.97407508','23.71734987','2016-01-27 07:08:48',7,'2016-01-27 06:03:04','2016-01-27 06:03:04',NULL),(243,'','route','test','test','37.9741464','23.71751039','2016-01-27 07:08:58',7,'2016-01-27 06:03:04','2016-01-27 06:03:04',NULL),(244,'','route','test','test','37.97423277','23.71792714','2016-01-27 07:09:18',7,'2016-01-27 06:03:04','2016-01-27 06:03:04',NULL),(245,'','route','test','test','37.9742638','23.71817872','2016-01-27 07:09:28',7,'2016-01-27 06:03:04','2016-01-27 06:03:04',NULL),(246,'','route','test','test','37.97426368','23.71843378','2016-01-27 07:09:38',7,'2016-01-27 06:03:04','2016-01-27 06:03:04',NULL),(247,'','route','test','test','37.97434208','23.71859487','2016-01-27 07:09:48',7,'2016-01-27 06:03:04','2016-01-27 06:03:04',NULL),(248,'','route','test','test','37.97444805','23.71894523','2016-01-27 07:09:58',7,'2016-01-27 06:03:04','2016-01-27 06:03:04',NULL),(249,'','route','test','test','37.9744086','23.71932427','2016-01-27 07:10:08',7,'2016-01-27 06:03:04','2016-01-27 06:03:04',NULL),(250,'','route','test','test','37.97427995','23.71957561','2016-01-27 07:10:18',7,'2016-01-27 06:03:04','2016-01-27 06:03:04',NULL),(251,'','route','test','test','37.97426558','23.71980108','2016-01-27 07:10:28',7,'2016-01-27 06:03:04','2016-01-27 06:03:04',NULL),(252,'','route','test','test','37.97418542','23.72002956','2016-01-27 07:10:39',7,'2016-01-27 06:03:04','2016-01-27 06:03:04',NULL),(253,'','route','test','test','37.9740608','23.72008821','2016-01-27 07:10:57',7,'2016-01-27 06:03:04','2016-01-27 06:03:04',NULL),(254,'','route','test','test','37.97392507','23.72016233','2016-01-27 07:11:17',7,'2016-01-27 06:03:04','2016-01-27 06:03:04',NULL),(255,'','route','test','test','37.97374185','23.72017236','2016-01-27 07:11:28',7,'2016-01-27 06:03:04','2016-01-27 06:03:04',NULL),(256,'','route','test','test','37.97365491','23.72023028','2016-01-27 07:11:38',7,'2016-01-27 06:03:04','2016-01-27 06:03:04',NULL),(257,'','route','test','test','37.97322585','23.72046821','2016-01-27 07:11:59',7,'2016-01-27 06:03:04','2016-01-27 06:03:04',NULL),(258,'','route','test','test','37.97283878','23.72050131','2016-01-27 07:12:18',7,'2016-01-27 06:03:04','2016-01-27 06:03:04',NULL),(259,'','route','test','test','37.97266831','23.72063468','2016-01-27 07:12:28',7,'2016-01-27 06:03:04','2016-01-27 06:03:04',NULL),(260,'','route','test','test','37.972565','23.72071321','2016-01-27 07:12:38',7,'2016-01-27 06:03:04','2016-01-27 06:03:04',NULL),(261,'','route','test','test','37.97222531','23.72061594','2016-01-27 07:12:58',7,'2016-01-27 06:03:04','2016-01-27 06:03:04',NULL),(262,'','route','test','test','37.97214063','23.72057525','2016-01-27 07:13:08',7,'2016-01-27 06:03:04','2016-01-27 06:03:04',NULL),(263,'','route','test','test','37.97193907','23.72075173','2016-01-27 07:13:18',7,'2016-01-27 06:03:04','2016-01-27 06:03:04',NULL),(264,'','route','test','test','37.97184683','23.72070369','2016-01-27 07:13:29',7,'2016-01-27 06:03:04','2016-01-27 06:03:04',NULL),(265,'','route','test','test','37.97164503','23.7209258','2016-01-27 07:13:39',7,'2016-01-27 06:03:04','2016-01-27 06:03:04',NULL),(266,'','route','test','test','37.97145912','23.7211122','2016-01-27 07:13:58',7,'2016-01-27 06:03:04','2016-01-27 06:03:04',NULL),(267,'','route','test','test','37.97130277','23.72115046','2016-01-27 07:14:08',7,'2016-01-27 06:03:04','2016-01-27 06:03:04',NULL),(268,'','route','test','test','37.97099422','23.7211722','2016-01-27 07:14:18',7,'2016-01-27 06:03:04','2016-01-27 06:03:04',NULL),(269,'','route','test','test','37.97089756','23.72119596','2016-01-27 07:14:22',7,'2016-01-27 06:03:04','2016-01-27 06:03:04',NULL),(270,'','route','test','test','37.97076398','23.72131287','2016-01-27 07:14:28',7,'2016-01-27 06:03:04','2016-01-27 06:03:04',NULL),(271,'','route','test','test','37.97076861','23.72186249','2016-01-27 07:14:38',7,'2016-01-27 06:03:04','2016-01-27 06:03:04',NULL),(272,'','route','test','test','37.97029378','23.7224631','2016-01-27 07:14:58',7,'2016-01-27 06:03:04','2016-01-27 06:03:04',NULL),(273,'','route','test','test','37.97005808','23.72304267','2016-01-27 07:15:27',7,'2016-01-27 06:03:04','2016-01-27 06:03:04',NULL),(274,'','route','test','test','37.97013094','23.72352014','2016-01-27 07:15:48',7,'2016-01-27 06:03:04','2016-01-27 06:03:04',NULL),(275,'','route','test','test','37.96998117','23.72410483','2016-01-27 07:16:10',7,'2016-01-27 06:03:04','2016-01-27 06:03:04',NULL),(276,'','route','test','test','37.96989072','23.72438848','2016-01-27 07:16:25',7,'2016-01-27 06:03:04','2016-01-27 06:03:04',NULL),(277,'','route','test','test','37.96991666','23.72464471','2016-01-27 07:16:36',7,'2016-01-27 06:03:04','2016-01-27 06:03:04',NULL),(278,'','route','test','test','37.97001417','23.7247746','2016-01-27 07:16:47',7,'2016-01-27 06:03:04','2016-01-27 06:03:04',NULL),(279,'','route','test','test','37.969354','23.7287733','2016-01-27 06:49:26',8,'2016-01-27 07:23:38','2016-01-27 07:23:38',NULL),(280,'','route','test','test','37.96935565','23.72874612','2016-01-27 06:49:26',8,'2016-01-27 07:23:38','2016-01-27 07:23:38',NULL),(281,'','route','test','test','37.96937597','23.72847129','2016-01-27 06:49:39',8,'2016-01-27 07:23:38','2016-01-27 07:23:38',NULL),(282,'','route','test','test','37.96935101','23.72830116','2016-01-27 06:49:49',8,'2016-01-27 07:23:38','2016-01-27 07:23:38',NULL),(283,'','route','test','test','37.96937329','23.72802008','2016-01-27 06:49:59',8,'2016-01-27 07:23:38','2016-01-27 07:23:38',NULL),(284,'','route','test','test','37.9694979','23.72748243','2016-01-27 06:50:19',8,'2016-01-27 07:23:38','2016-01-27 07:23:38',NULL),(285,'','route','test','test','37.96966413','23.72717768','2016-01-27 06:50:30',8,'2016-01-27 07:23:38','2016-01-27 07:23:38',NULL),(286,'','route','test','test','37.9695881','23.72673665','2016-01-27 06:50:49',8,'2016-01-27 07:23:39','2016-01-27 07:23:39',NULL),(287,'','route','test','test','37.9696856','23.72651287','2016-01-27 06:51:00',8,'2016-01-27 07:23:39','2016-01-27 07:23:39',NULL),(288,'','route','test','test','37.96990048','23.72602157','2016-01-27 06:51:19',8,'2016-01-27 07:23:39','2016-01-27 07:23:39',NULL),(289,'','route','test','test','37.96985194','23.72558146','2016-01-27 06:51:39',8,'2016-01-27 07:23:39','2016-01-27 07:23:39',NULL),(290,'','route','test','test','37.96986534','23.72523036','2016-01-27 06:51:50',8,'2016-01-27 07:23:39','2016-01-27 07:23:39',NULL),(291,'','route','test','test','37.96990812','23.7246791','2016-01-27 06:52:11',8,'2016-01-27 07:23:39','2016-01-27 07:23:39',NULL),(292,'','route','test','test','37.97003494','23.72411836','2016-01-27 06:52:32',8,'2016-01-27 07:23:39','2016-01-27 07:23:39',NULL),(293,'','route','test','test','37.97003086','23.72383169','2016-01-27 06:52:44',8,'2016-01-27 07:23:39','2016-01-27 07:23:39',NULL),(294,'','route','test','test','37.97002032','23.7232799','2016-01-27 06:53:03',8,'2016-01-27 07:23:39','2016-01-27 07:23:39',NULL),(295,'','route','test','test','37.97017231','23.72268538','2016-01-27 06:53:26',8,'2016-01-27 07:23:39','2016-01-27 07:23:39',NULL),(296,'','route','test','test','37.97014829','23.72238579','2016-01-27 06:53:38',8,'2016-01-27 07:23:39','2016-01-27 07:23:39',NULL),(297,'','route','test','test','37.96987219','23.72250757','2016-01-27 06:53:47',8,'2016-01-27 07:23:39','2016-01-27 07:23:39',NULL),(298,'','route','test','test','37.96980825','23.72278351','2016-01-27 06:53:58',8,'2016-01-27 07:23:39','2016-01-27 07:23:39',NULL),(299,'','route','test','test','37.9695846','23.7232349','2016-01-27 06:54:18',8,'2016-01-27 07:23:39','2016-01-27 07:23:39',NULL),(300,'','route','test','test','37.96943958','23.72341573','2016-01-27 06:54:27',8,'2016-01-27 07:23:39','2016-01-27 07:23:39',NULL),(301,'','route','test','test','37.9691918','23.7234703','2016-01-27 06:54:38',8,'2016-01-27 07:23:39','2016-01-27 07:23:39',NULL),(302,'','route','test','test','37.96891511','23.72352023','2016-01-27 06:54:59',8,'2016-01-27 07:23:39','2016-01-27 07:23:39',NULL),(303,'','route','test','test','37.96850422','23.72364877','2016-01-27 06:55:18',8,'2016-01-27 07:23:39','2016-01-27 07:23:39',NULL),(304,'','route','test','test','37.96826391','23.72383085','2016-01-27 06:55:37',8,'2016-01-27 07:23:39','2016-01-27 07:23:39',NULL),(305,'','route','test','test','37.96808268','23.72374983','2016-01-27 06:55:48',8,'2016-01-27 07:23:39','2016-01-27 07:23:39',NULL),(306,'','route','test','test','37.96784811','23.72371414','2016-01-27 06:55:59',8,'2016-01-27 07:23:39','2016-01-27 07:23:39',NULL),(307,'','route','test','test','37.96746507','23.72352901','2016-01-27 06:56:17',8,'2016-01-27 07:23:39','2016-01-27 07:23:39',NULL),(308,'','route','test','test','37.9673034','23.72349713','2016-01-27 06:56:29',8,'2016-01-27 07:23:39','2016-01-27 07:23:39',NULL),(309,'','route','test','test','37.96703257','23.72324668','2016-01-27 06:56:39',8,'2016-01-27 07:23:39','2016-01-27 07:23:39',NULL),(310,'','route','test','test','37.96670285','23.72297418','2016-01-27 06:57:00',8,'2016-01-27 07:23:39','2016-01-27 07:23:39',NULL),(311,'','route','test','test','37.96664807','23.72285473','2016-01-27 06:57:04',8,'2016-01-27 07:23:39','2016-01-27 07:23:39',NULL),(312,'','route','test','test','37.96644241','23.72244241','2016-01-27 06:57:23',8,'2016-01-27 07:23:39','2016-01-27 07:23:39',NULL),(313,'','route','test','test','37.96628116','23.72235892','2016-01-27 06:57:35',8,'2016-01-27 07:23:39','2016-01-27 07:23:39',NULL),(314,'','route','test','test','37.9659298','23.72186487','2016-01-27 06:57:54',8,'2016-01-27 07:23:39','2016-01-27 07:23:39',NULL),(315,'','route','test','test','37.96570938','23.7214349','2016-01-27 06:58:06',8,'2016-01-27 07:23:39','2016-01-27 07:23:39',NULL),(316,'','route','test','test','37.96543098','23.72096644','2016-01-27 06:58:28',8,'2016-01-27 07:23:39','2016-01-27 07:23:39',NULL),(317,'','route','test','test','37.96540693','23.72077586','2016-01-27 06:58:39',8,'2016-01-27 07:23:39','2016-01-27 07:23:39',NULL),(318,'','route','test','test','37.96530764','23.72057838','2016-01-27 06:58:49',8,'2016-01-27 07:23:39','2016-01-27 07:23:39',NULL),(319,'','route','test','test','37.9652756','23.72025557','2016-01-27 06:58:58',8,'2016-01-27 07:23:39','2016-01-27 07:23:39',NULL),(320,'','route','test','test','37.96526471','23.71992339','2016-01-27 06:59:09',8,'2016-01-27 07:23:39','2016-01-27 07:23:39',NULL),(321,'','route','test','test','37.96531441','23.71963912','2016-01-27 06:59:18',8,'2016-01-27 07:23:39','2016-01-27 07:23:39',NULL),(322,'','route','test','test','37.96526364','23.71928306','2016-01-27 06:59:28',8,'2016-01-27 07:23:39','2016-01-27 07:23:39',NULL),(323,'','route','test','test','37.96514911','23.71895448','2016-01-27 06:59:40',8,'2016-01-27 07:23:39','2016-01-27 07:23:39',NULL),(324,'','route','test','test','37.96505915','23.71872978','2016-01-27 06:59:50',8,'2016-01-27 07:23:39','2016-01-27 07:23:39',NULL),(325,'','route','test','test','37.96502215','23.71858063','2016-01-27 06:59:55',8,'2016-01-27 07:23:39','2016-01-27 07:23:39',NULL),(326,'','route','test','test','37.96510835','23.71835408','2016-01-27 07:00:05',8,'2016-01-27 07:23:39','2016-01-27 07:23:39',NULL),(327,'','route','test','test','37.96510052','23.71819327','2016-01-27 07:00:16',8,'2016-01-27 07:23:39','2016-01-27 07:23:39',NULL),(328,'','route','test','test','37.96505065','23.71801641','2016-01-27 07:00:26',8,'2016-01-27 07:23:39','2016-01-27 07:23:39',NULL),(329,'','route','test','test','37.96498978','23.71751078','2016-01-27 07:00:37',8,'2016-01-27 07:23:39','2016-01-27 07:23:39',NULL),(330,'','route','test','test','37.96510834','23.71698192','2016-01-27 07:00:58',8,'2016-01-27 07:23:39','2016-01-27 07:23:39',NULL),(331,'','route','test','test','37.96547083','23.71651546','2016-01-27 07:01:18',8,'2016-01-27 07:23:40','2016-01-27 07:23:40',NULL),(332,'','route','test','test','37.96555586','23.71643352','2016-01-27 07:01:22',8,'2016-01-27 07:23:40','2016-01-27 07:23:40',NULL),(333,'','route','test','test','37.96586139','23.71606404','2016-01-27 07:01:41',8,'2016-01-27 07:23:40','2016-01-27 07:23:40',NULL),(334,'','route','test','test','37.96601046','23.71590245','2016-01-27 07:01:51',8,'2016-01-27 07:23:40','2016-01-27 07:23:40',NULL),(335,'','route','test','test','37.96640834','23.71566793','2016-01-27 07:02:10',8,'2016-01-27 07:23:40','2016-01-27 07:23:40',NULL),(336,'','route','test','test','37.96648627','23.71558313','2016-01-27 07:02:14',8,'2016-01-27 07:23:40','2016-01-27 07:23:40',NULL),(337,'','route','test','test','37.96682326','23.71525554','2016-01-27 07:02:32',8,'2016-01-27 07:23:40','2016-01-27 07:23:40',NULL),(338,'','route','test','test','37.96721811','23.71502783','2016-01-27 07:02:52',8,'2016-01-27 07:23:40','2016-01-27 07:23:40',NULL),(339,'','route','test','test','37.96730583','23.71494644','2016-01-27 07:02:56',8,'2016-01-27 07:23:40','2016-01-27 07:23:40',NULL),(340,'','route','test','test','37.96771561','23.71477135','2016-01-27 07:03:18',8,'2016-01-27 07:23:40','2016-01-27 07:23:40',NULL),(341,'','route','test','test','37.96798467','23.71475292','2016-01-27 07:03:30',8,'2016-01-27 07:23:40','2016-01-27 07:23:40',NULL),(342,'','route','test','test','37.96846199','23.71475659','2016-01-27 07:03:52',8,'2016-01-27 07:23:40','2016-01-27 07:23:40',NULL),(343,'','route','test','test','37.968952','23.71492039','2016-01-27 07:04:14',8,'2016-01-27 07:23:40','2016-01-27 07:23:40',NULL),(344,'','route','test','test','37.96912471','23.71503212','2016-01-27 07:04:24',8,'2016-01-27 07:23:40','2016-01-27 07:23:40',NULL),(345,'','route','test','test','37.96930128','23.7152023','2016-01-27 07:04:34',8,'2016-01-27 07:23:40','2016-01-27 07:23:40',NULL),(346,'','route','test','test','37.96968003','23.71520983','2016-01-27 07:04:56',8,'2016-01-27 07:23:40','2016-01-27 07:23:40',NULL),(347,'','route','test','test','37.9698508','23.71528657','2016-01-27 07:05:08',8,'2016-01-27 07:23:40','2016-01-27 07:23:40',NULL),(348,'','route','test','test','37.96998694','23.71546948','2016-01-27 07:05:18',8,'2016-01-27 07:23:40','2016-01-27 07:23:40',NULL),(349,'','route','test','test','37.97019148','23.71547998','2016-01-27 07:05:28',8,'2016-01-27 07:23:40','2016-01-27 07:23:40',NULL),(350,'','route','test','test','37.97039662','23.71556148','2016-01-27 07:05:38',8,'2016-01-27 07:23:40','2016-01-27 07:23:40',NULL),(351,'','route','test','test','37.97060649','23.7156608','2016-01-27 07:05:48',8,'2016-01-27 07:23:40','2016-01-27 07:23:40',NULL),(352,'','route','test','test','37.97074479','23.71585854','2016-01-27 07:05:58',8,'2016-01-27 07:23:40','2016-01-27 07:23:40',NULL),(353,'','route','test','test','37.9709533','23.71594545','2016-01-27 07:06:08',8,'2016-01-27 07:23:40','2016-01-27 07:23:40',NULL),(354,'','route','test','test','37.97112247','23.71598807','2016-01-27 07:06:18',8,'2016-01-27 07:23:40','2016-01-27 07:23:40',NULL),(355,'','route','test','test','37.97132539','23.71600936','2016-01-27 07:06:28',8,'2016-01-27 07:23:40','2016-01-27 07:23:40',NULL),(356,'','route','test','test','37.97150115','23.71612812','2016-01-27 07:06:38',8,'2016-01-27 07:23:40','2016-01-27 07:23:40',NULL),(357,'','route','test','test','37.97172934','23.71629621','2016-01-27 07:06:48',8,'2016-01-27 07:23:40','2016-01-27 07:23:40',NULL),(358,'','route','test','test','37.97189967','23.71629278','2016-01-27 07:06:58',8,'2016-01-27 07:23:40','2016-01-27 07:23:40',NULL),(359,'','route','test','test','37.97206383','23.71636733','2016-01-27 07:07:08',8,'2016-01-27 07:23:40','2016-01-27 07:23:40',NULL),(360,'','route','test','test','37.97230786','23.71655754','2016-01-27 07:07:18',8,'2016-01-27 07:23:40','2016-01-27 07:23:40',NULL),(361,'','route','test','test','37.97242193','23.71658504','2016-01-27 07:07:28',8,'2016-01-27 07:23:40','2016-01-27 07:23:40',NULL),(362,'','route','test','test','37.97256279','23.71670928','2016-01-27 07:07:38',8,'2016-01-27 07:23:40','2016-01-27 07:23:40',NULL),(363,'','route','test','test','37.97267435','23.71665504','2016-01-27 07:07:49',8,'2016-01-27 07:23:40','2016-01-27 07:23:40',NULL),(364,'','route','test','test','37.97308114','23.71701988','2016-01-27 07:07:59',8,'2016-01-27 07:23:40','2016-01-27 07:23:40',NULL),(365,'','route','test','test','37.9735044','23.71699541','2016-01-27 07:08:18',8,'2016-01-27 07:23:40','2016-01-27 07:23:40',NULL),(366,'','route','test','test','37.9737383','23.71703799','2016-01-27 07:08:28',8,'2016-01-27 07:23:40','2016-01-27 07:23:40',NULL),(367,'','route','test','test','37.97393611','23.71716491','2016-01-27 07:08:38',8,'2016-01-27 07:23:40','2016-01-27 07:23:40',NULL),(368,'','route','test','test','37.97407508','23.71734987','2016-01-27 07:08:48',8,'2016-01-27 07:23:40','2016-01-27 07:23:40',NULL),(369,'','route','test','test','37.9741464','23.71751039','2016-01-27 07:08:58',8,'2016-01-27 07:23:40','2016-01-27 07:23:40',NULL),(370,'','route','test','test','37.97423277','23.71792714','2016-01-27 07:09:18',8,'2016-01-27 07:23:40','2016-01-27 07:23:40',NULL),(371,'','route','test','test','37.9742638','23.71817872','2016-01-27 07:09:28',8,'2016-01-27 07:23:40','2016-01-27 07:23:40',NULL),(372,'','route','test','test','37.97426368','23.71843378','2016-01-27 07:09:38',8,'2016-01-27 07:23:40','2016-01-27 07:23:40',NULL),(373,'','route','test','test','37.97434208','23.71859487','2016-01-27 07:09:48',8,'2016-01-27 07:23:40','2016-01-27 07:23:40',NULL),(374,'','route','test','test','37.97444805','23.71894523','2016-01-27 07:09:58',8,'2016-01-27 07:23:40','2016-01-27 07:23:40',NULL),(375,'','route','test','test','37.9744086','23.71932427','2016-01-27 07:10:08',8,'2016-01-27 07:23:40','2016-01-27 07:23:40',NULL),(376,'','route','test','test','37.97427995','23.71957561','2016-01-27 07:10:18',8,'2016-01-27 07:23:40','2016-01-27 07:23:40',NULL),(377,'','route','test','test','37.97426558','23.71980108','2016-01-27 07:10:28',8,'2016-01-27 07:23:40','2016-01-27 07:23:40',NULL),(378,'','route','test','test','37.97418542','23.72002956','2016-01-27 07:10:39',8,'2016-01-27 07:23:40','2016-01-27 07:23:40',NULL),(379,'','route','test','test','37.9740608','23.72008821','2016-01-27 07:10:57',8,'2016-01-27 07:23:40','2016-01-27 07:23:40',NULL),(380,'','route','test','test','37.97392507','23.72016233','2016-01-27 07:11:17',8,'2016-01-27 07:23:40','2016-01-27 07:23:40',NULL),(381,'','route','test','test','37.97374185','23.72017236','2016-01-27 07:11:28',8,'2016-01-27 07:23:41','2016-01-27 07:23:41',NULL),(382,'','route','test','test','37.97365491','23.72023028','2016-01-27 07:11:38',8,'2016-01-27 07:23:41','2016-01-27 07:23:41',NULL),(383,'','route','test','test','37.97322585','23.72046821','2016-01-27 07:11:59',8,'2016-01-27 07:23:41','2016-01-27 07:23:41',NULL),(384,'','route','test','test','37.97283878','23.72050131','2016-01-27 07:12:18',8,'2016-01-27 07:23:41','2016-01-27 07:23:41',NULL),(385,'','route','test','test','37.97266831','23.72063468','2016-01-27 07:12:28',8,'2016-01-27 07:23:41','2016-01-27 07:23:41',NULL),(386,'','route','test','test','37.972565','23.72071321','2016-01-27 07:12:38',8,'2016-01-27 07:23:41','2016-01-27 07:23:41',NULL),(387,'','route','test','test','37.97222531','23.72061594','2016-01-27 07:12:58',8,'2016-01-27 07:23:41','2016-01-27 07:23:41',NULL),(388,'','route','test','test','37.97214063','23.72057525','2016-01-27 07:13:08',8,'2016-01-27 07:23:41','2016-01-27 07:23:41',NULL),(389,'','route','test','test','37.97193907','23.72075173','2016-01-27 07:13:18',8,'2016-01-27 07:23:41','2016-01-27 07:23:41',NULL),(390,'','route','test','test','37.97184683','23.72070369','2016-01-27 07:13:29',8,'2016-01-27 07:23:41','2016-01-27 07:23:41',NULL),(391,'','route','test','test','37.97164503','23.7209258','2016-01-27 07:13:39',8,'2016-01-27 07:23:41','2016-01-27 07:23:41',NULL),(392,'','route','test','test','37.97145912','23.7211122','2016-01-27 07:13:58',8,'2016-01-27 07:23:41','2016-01-27 07:23:41',NULL),(393,'','route','test','test','37.97130277','23.72115046','2016-01-27 07:14:08',8,'2016-01-27 07:23:41','2016-01-27 07:23:41',NULL),(394,'','route','test','test','37.97099422','23.7211722','2016-01-27 07:14:18',8,'2016-01-27 07:23:41','2016-01-27 07:23:41',NULL),(395,'','route','test','test','37.97089756','23.72119596','2016-01-27 07:14:22',8,'2016-01-27 07:23:41','2016-01-27 07:23:41',NULL),(396,'','route','test','test','37.97076398','23.72131287','2016-01-27 07:14:28',8,'2016-01-27 07:23:41','2016-01-27 07:23:41',NULL),(397,'','route','test','test','37.97076861','23.72186249','2016-01-27 07:14:38',8,'2016-01-27 07:23:41','2016-01-27 07:23:41',NULL),(398,'','route','test','test','37.97029378','23.7224631','2016-01-27 07:14:58',8,'2016-01-27 07:23:41','2016-01-27 07:23:41',NULL),(399,'','route','test','test','37.97005808','23.72304267','2016-01-27 07:15:27',8,'2016-01-27 07:23:41','2016-01-27 07:23:41',NULL),(400,'','route','test','test','37.97013094','23.72352014','2016-01-27 07:15:48',8,'2016-01-27 07:23:41','2016-01-27 07:23:41',NULL),(401,'','route','test','test','37.96998117','23.72410483','2016-01-27 07:16:10',8,'2016-01-27 07:23:41','2016-01-27 07:23:41',NULL),(402,'','route','test','test','37.96989072','23.72438848','2016-01-27 07:16:25',8,'2016-01-27 07:23:41','2016-01-27 07:23:41',NULL),(403,'','route','test','test','37.96991666','23.72464471','2016-01-27 07:16:36',8,'2016-01-27 07:23:41','2016-01-27 07:23:41',NULL),(404,'','route','test','test','37.97001417','23.7247746','2016-01-27 07:16:47',8,'2016-01-27 07:23:41','2016-01-27 07:23:41',NULL),(405,'','location','test','test','40.43419824877','-3.6310325629516','2016-01-27 01:32:43',9,'2016-01-27 11:32:44','2016-01-27 11:32:44',NULL),(406,'','location','test','test','40.435559551051','-3.6335277970977','2016-01-27 01:34:19',10,'2016-01-27 11:34:19','2016-01-27 11:34:19',NULL),(407,'','location','test','test','40.435559551051','-3.6335277970977','2016-01-27 01:34:35',11,'2016-01-27 11:34:36','2016-01-27 11:34:36',NULL),(408,'','route','test','test','37.9744894','23.7522557','2016-01-28 11:47:45',12,'2016-01-28 09:50:33','2016-01-28 09:50:33',NULL),(409,'','route','test','test','37.97358','23.7521911','2016-01-28 11:47:46',12,'2016-01-28 09:50:33','2016-01-28 09:50:33',NULL),(410,'','route','test','test','37.97459186','23.75275439','2016-01-28 11:48:00',12,'2016-01-28 09:50:33','2016-01-28 09:50:33',NULL),(411,'','route','test','test','37.97420048','23.75243859','2016-01-28 11:48:05',12,'2016-01-28 09:50:33','2016-01-28 09:50:33',NULL),(412,'','route','test','test','37.9745137','23.75285228','2016-01-28 11:48:24',12,'2016-01-28 09:50:33','2016-01-28 09:50:33',NULL),(413,'','route','test','test','37.97468328','23.7529459','2016-01-28 11:48:44',12,'2016-01-28 09:50:34','2016-01-28 09:50:34',NULL),(414,'','route','test','test','37.97477777','23.75333083','2016-01-28 11:49:02',12,'2016-01-28 09:50:34','2016-01-28 09:50:34',NULL),(415,'','route','test','test','37.97493076','23.75346109','2016-01-28 11:49:13',12,'2016-01-28 09:50:34','2016-01-28 09:50:34',NULL),(416,'','route','test','test','37.97505286','23.75351815','2016-01-28 11:49:23',12,'2016-01-28 09:50:34','2016-01-28 09:50:34',NULL),(417,'','route','test','test','37.97489309','23.7534902','2016-01-28 11:49:42',12,'2016-01-28 09:50:34','2016-01-28 09:50:34',NULL),(418,'','route','test','test','37.97478363','23.75342592','2016-01-28 11:49:52',12,'2016-01-28 09:50:34','2016-01-28 09:50:34',NULL),(419,'','route','test','test','37.97460083','23.75337254','2016-01-28 11:50:03',12,'2016-01-28 09:50:34','2016-01-28 09:50:34',NULL),(420,'','route','test','test','37.9743639','23.75338656','2016-01-28 11:50:13',12,'2016-01-28 09:50:34','2016-01-28 09:50:34',NULL),(421,'','route','test','test','37.9740417','23.7536695','2016-01-28 11:51:15',13,'2016-01-28 09:51:24','2016-01-28 09:51:24',NULL),(422,'','location','test','test','37.9757705','23.7184283','2016-01-28 03:49:58',14,'2016-01-28 13:50:00','2016-01-28 13:50:00',NULL),(423,'','location','test','test','37.975835','23.7183771','2016-01-28 03:59:12',15,'2016-01-28 13:59:14','2016-01-28 13:59:14',NULL),(424,'','location','test','test','37.975835','23.7183771','2016-01-28 03:59:23',16,'2016-01-28 13:59:25','2016-01-28 13:59:25',NULL),(425,'','location','test','test','37.975835','23.7183771','2016-01-28 03:59:33',17,'2016-01-28 13:59:34','2016-01-28 13:59:34',NULL),(426,'','location','test','test','37.975835','23.7183771','2016-01-28 03:59:49',18,'2016-01-28 13:59:50','2016-01-28 13:59:50',NULL),(427,'','location','test','test','37.975835','23.7183771','2016-01-28 04:00:04',19,'2016-01-28 14:00:06','2016-01-28 14:00:06',NULL),(428,'','location','test','test','37.975835','23.7183771','2016-01-28 04:00:18',20,'2016-01-28 14:00:20','2016-01-28 14:00:20',NULL),(429,'','location','test','test','37.975835','23.7183771','2016-01-28 04:00:37',21,'2016-01-28 14:00:38','2016-01-28 14:00:38',NULL),(430,'','location','test','test','37.975835','23.7183771','2016-01-28 04:02:02',22,'2016-01-28 14:02:03','2016-01-28 14:02:03',NULL),(431,'','location','test','test','37.975835','23.7183771','2016-01-28 04:02:06',23,'2016-01-28 14:02:06','2016-01-28 14:02:06',NULL),(432,'','location','test','test','37.975835','23.7183771','2016-01-28 04:02:09',24,'2016-01-28 14:02:10','2016-01-28 14:02:10',NULL),(433,'','location','test','test','37.975835','23.7183771','2016-01-28 04:03:04',25,'2016-01-28 14:03:05','2016-01-28 14:03:05',NULL),(434,'','location','test','test','37.975835','23.7183771','2016-01-28 04:03:07',26,'2016-01-28 14:03:08','2016-01-28 14:03:08',NULL),(435,'','location','test','test','37.975835','23.7183771','2016-01-28 04:03:10',27,'2016-01-28 14:03:11','2016-01-28 14:03:11',NULL),(436,'','location','test','test','37.975835','23.7183771','2016-01-28 04:03:14',28,'2016-01-28 14:03:15','2016-01-28 14:03:15',NULL),(437,'','location','test','test','37.975835','23.7183771','2016-01-28 04:03:17',29,'2016-01-28 14:03:18','2016-01-28 14:03:18',NULL),(438,'','location','test','test','37.9758077','23.7184114','2016-01-28 04:04:22',30,'2016-01-28 14:04:23','2016-01-28 14:04:23',NULL),(439,'','route','test','test','37.9757861','23.7183664','2016-01-28 04:19:33',31,'2016-01-28 14:19:40','2016-01-28 14:19:40',NULL),(440,'','route','test','test','37.9757861','23.7183664','2016-01-28 04:19:33',32,'2016-01-28 14:19:44','2016-01-28 14:19:44',NULL),(441,'','route','test','test','37.9757861','23.7183664','2016-01-28 04:19:33',33,'2016-01-28 14:19:48','2016-01-28 14:19:48',NULL),(442,'','route','test','test','37.9754056','23.720965','2016-01-28 04:21:16',34,'2016-01-28 14:21:32','2016-01-28 14:21:32',NULL),(443,'','route','test','test','37.9754056','23.720965','2016-01-28 04:21:17',34,'2016-01-28 14:21:32','2016-01-28 14:21:32',NULL),(444,'','location','test','test','37.975777','23.7183931','2016-01-28 04:32:36',35,'2016-01-28 14:32:37','2016-01-28 14:32:37',NULL),(445,'','location','test','test','37.975777','23.7183931','2016-01-28 04:32:40',36,'2016-01-28 14:32:40','2016-01-28 14:32:40',NULL),(446,'','location','test','test','37.975777','23.7183931','2016-01-28 04:32:44',37,'2016-01-28 14:32:44','2016-01-28 14:32:44',NULL),(447,'','route','test','test','37.975769','23.7183993','2016-01-28 04:40:39',38,'2016-01-28 14:41:20','2016-01-28 14:41:20',NULL),(448,'','route','test','test','37.9758001','23.7184545','2016-01-28 04:41:01',38,'2016-01-28 14:41:20','2016-01-28 14:41:20',NULL),(449,'','route','test','test','37.975769','23.7183993','2016-01-28 04:40:39',39,'2016-01-28 14:41:23','2016-01-28 14:41:23',NULL),(450,'','route','test','test','37.9758001','23.7184545','2016-01-28 04:41:01',39,'2016-01-28 14:41:23','2016-01-28 14:41:23',NULL),(451,'','route','test','test','37.975769','23.7183993','2016-01-28 04:40:39',40,'2016-01-28 14:41:26','2016-01-28 14:41:26',NULL),(452,'','route','test','test','37.9758001','23.7184545','2016-01-28 04:41:01',40,'2016-01-28 14:41:26','2016-01-28 14:41:26',NULL),(453,'','route','test','test','37.975769','23.7183993','2016-01-28 04:40:39',41,'2016-01-28 14:41:30','2016-01-28 14:41:30',NULL),(454,'','route','test','test','37.9758001','23.7184545','2016-01-28 04:41:01',41,'2016-01-28 14:41:30','2016-01-28 14:41:30',NULL),(455,'','route','test','test','37.975769','23.7183993','2016-01-28 04:40:39',42,'2016-01-28 14:41:33','2016-01-28 14:41:33',NULL),(456,'','route','test','test','37.9758001','23.7184545','2016-01-28 04:41:01',42,'2016-01-28 14:41:33','2016-01-28 14:41:33',NULL),(457,'','route','test','test','37.975769','23.7183993','2016-01-28 04:40:39',43,'2016-01-28 14:41:36','2016-01-28 14:41:36',NULL),(458,'','route','test','test','37.9758001','23.7184545','2016-01-28 04:41:01',43,'2016-01-28 14:41:36','2016-01-28 14:41:36',NULL),(459,'','route','test','test','37.975769','23.7183993','2016-01-28 04:40:39',44,'2016-01-28 14:41:40','2016-01-28 14:41:40',NULL),(460,'','route','test','test','37.9758001','23.7184545','2016-01-28 04:41:01',44,'2016-01-28 14:41:40','2016-01-28 14:41:40',NULL),(461,'','route','test','test','37.975769','23.7183993','2016-01-28 04:40:39',45,'2016-01-28 14:41:43','2016-01-28 14:41:43',NULL),(462,'','route','test','test','37.9758001','23.7184545','2016-01-28 04:41:01',45,'2016-01-28 14:41:43','2016-01-28 14:41:43',NULL),(463,'','route','test','test','37.975769','23.7183993','2016-01-28 04:40:39',46,'2016-01-28 14:41:58','2016-01-28 14:41:58',NULL),(464,'','route','test','test','37.9758001','23.7184545','2016-01-28 04:41:01',46,'2016-01-28 14:41:58','2016-01-28 14:41:58',NULL),(465,'','route','test','test','37.975769','23.7183993','2016-01-28 04:40:39',47,'2016-01-28 14:42:09','2016-01-28 14:42:09',NULL),(466,'','route','test','test','37.9758001','23.7184545','2016-01-28 04:41:01',47,'2016-01-28 14:42:09','2016-01-28 14:42:09',NULL),(467,'','route','test','test','37.975769','23.7183993','2016-01-28 04:40:39',48,'2016-01-28 14:42:14','2016-01-28 14:42:14',NULL),(468,'','route','test','test','37.9758001','23.7184545','2016-01-28 04:41:01',48,'2016-01-28 14:42:14','2016-01-28 14:42:14',NULL),(469,'','route','test','test','37.975769','23.7183993','2016-01-28 04:40:39',49,'2016-01-28 14:42:17','2016-01-28 14:42:17',NULL),(470,'','route','test','test','37.9758001','23.7184545','2016-01-28 04:41:01',49,'2016-01-28 14:42:17','2016-01-28 14:42:17',NULL),(471,'','route','test','test','37.975769','23.7183993','2016-01-28 04:40:39',50,'2016-01-28 14:42:20','2016-01-28 14:42:20',NULL),(472,'','route','test','test','37.9758001','23.7184545','2016-01-28 04:41:01',50,'2016-01-28 14:42:20','2016-01-28 14:42:20',NULL),(473,'','route','test','test','37.975769','23.7183993','2016-01-28 04:40:39',51,'2016-01-28 14:42:23','2016-01-28 14:42:23',NULL),(474,'','route','test','test','37.9758001','23.7184545','2016-01-28 04:41:01',51,'2016-01-28 14:42:24','2016-01-28 14:42:24',NULL),(475,'','route','test','test','37.975769','23.7183993','2016-01-28 04:40:39',52,'2016-01-28 14:42:26','2016-01-28 14:42:26',NULL),(476,'','route','test','test','37.9758001','23.7184545','2016-01-28 04:41:01',52,'2016-01-28 14:42:27','2016-01-28 14:42:27',NULL),(477,'','route','test','test','37.975769','23.7183993','2016-01-28 04:40:39',53,'2016-01-28 14:42:30','2016-01-28 14:42:30',NULL),(478,'','route','test','test','37.9758001','23.7184545','2016-01-28 04:41:01',53,'2016-01-28 14:42:30','2016-01-28 14:42:30',NULL),(479,'','route','test','test','37.975769','23.7183993','2016-01-28 04:40:39',54,'2016-01-28 14:42:32','2016-01-28 14:42:32',NULL),(480,'','route','test','test','37.9758001','23.7184545','2016-01-28 04:41:01',54,'2016-01-28 14:42:32','2016-01-28 14:42:32',NULL),(481,'','route','test','test','37.975769','23.7183993','2016-01-28 04:40:39',55,'2016-01-28 14:42:36','2016-01-28 14:42:36',NULL),(482,'','route','test','test','37.9758001','23.7184545','2016-01-28 04:41:01',55,'2016-01-28 14:42:36','2016-01-28 14:42:36',NULL),(483,'','route','test','test','37.975769','23.7183993','2016-01-28 04:40:39',56,'2016-01-28 14:44:07','2016-01-28 14:44:07',NULL),(484,'','route','test','test','37.9758001','23.7184545','2016-01-28 04:41:01',56,'2016-01-28 14:44:07','2016-01-28 14:44:07',NULL),(485,'','route','test','test','37.975769','23.7183993','2016-01-28 04:40:39',57,'2016-01-28 14:44:10','2016-01-28 14:44:10',NULL),(486,'','route','test','test','37.9758001','23.7184545','2016-01-28 04:41:01',57,'2016-01-28 14:44:10','2016-01-28 14:44:10',NULL),(487,'','route','test','test','37.975769','23.7183993','2016-01-28 04:40:39',58,'2016-01-28 14:44:13','2016-01-28 14:44:13',NULL),(488,'','route','test','test','37.9758001','23.7184545','2016-01-28 04:41:01',58,'2016-01-28 14:44:13','2016-01-28 14:44:13',NULL),(489,'','route','test','test','37.9758423','23.7183956','2016-01-29 11:14:45',59,'2016-01-29 09:14:58','2016-01-29 09:14:58',NULL),(490,'','location','test','test','37.9758311','23.7184076','2016-01-29 11:22:02',60,'2016-01-29 09:22:03','2016-01-29 09:22:03',NULL),(491,'','location','test','test','38.0457568','23.8584737','2016-01-29 12:56:28',61,'2016-01-29 10:56:30','2016-01-29 10:56:30',NULL),(492,'','route','test','test','37.9758199','23.7184433','2016-01-29 02:10:59',62,'2016-01-29 12:11:17','2016-01-29 12:11:17',NULL),(493,'','route','test','test','37.9758123','23.7184126','2016-01-29 02:11:01',62,'2016-01-29 12:11:17','2016-01-29 12:11:17',NULL),(494,'','route','test','test','37.9758381','23.718415','2016-01-29 04:48:26',63,'2016-01-29 14:48:36','2016-01-29 14:48:36',NULL),(495,'','location','test','test','37.9758378','23.7184078','2016-01-29 04:51:41',64,'2016-01-29 14:51:43','2016-01-29 14:51:43',NULL),(496,'','location','test','test','37.9758378','23.7184078','2016-01-29 04:51:49',65,'2016-01-29 14:51:50','2016-01-29 14:51:50',NULL),(497,'','location','test','test','37.9758378','23.7184078','2016-01-29 04:51:52',66,'2016-01-29 14:51:53','2016-01-29 14:51:53',NULL),(498,'','location','test','test','37.9758395','23.7184121','2016-01-29 04:54:55',67,'2016-01-29 14:54:56','2016-01-29 14:54:56',NULL),(499,'','location','test','test','37.9758395','23.7184121','2016-01-29 04:55:00',68,'2016-01-29 14:55:01','2016-01-29 14:55:01',NULL),(500,'','route','test','test','37.9758367','23.7184096','2016-01-29 05:06:03',69,'2016-01-29 15:06:11','2016-01-29 15:06:11',NULL),(501,'','route','test','test','37.9758367','23.7184096','2016-01-29 05:06:03',70,'2016-01-29 15:06:15','2016-01-29 15:06:15',NULL),(502,'','route','test','test','37.9758367','23.7184096','2016-01-29 05:06:03',71,'2016-01-29 15:06:18','2016-01-29 15:06:18',NULL),(503,'','route','test','test','37.9758367','23.7184096','2016-01-29 05:06:03',72,'2016-01-29 15:06:22','2016-01-29 15:06:22',NULL),(504,'','route','test','test','37.9758347','23.71842','2016-01-29 05:20:50',73,'2016-01-29 15:21:02','2016-01-29 15:21:02',NULL),(505,'','route','test','test','37.9758347','23.71842','2016-01-29 05:20:50',74,'2016-01-29 15:21:07','2016-01-29 15:21:07',NULL),(506,'','route','test','test','37.9758347','23.71842','2016-01-29 05:20:50',75,'2016-01-29 15:21:11','2016-01-29 15:21:11',NULL),(507,'','route','test','test','37.9758347','23.71842','2016-01-29 05:20:50',76,'2016-01-29 15:21:15','2016-01-29 15:21:15',NULL),(508,'','route','test','test','37.9758347','23.71842','2016-01-29 05:20:50',77,'2016-01-29 15:21:19','2016-01-29 15:21:19',NULL),(509,'','route','test','test','37.9758347','23.71842','2016-01-29 05:20:50',78,'2016-01-29 15:21:36','2016-01-29 15:21:36',NULL),(510,'','route','test','test','37.9758347','23.71842','2016-01-29 05:20:50',79,'2016-01-29 15:21:43','2016-01-29 15:21:43',NULL),(511,'','route','test','test','37.9758347','23.71842','2016-01-29 05:20:50',80,'2016-01-29 15:21:50','2016-01-29 15:21:50',NULL),(512,'','route','test','test','37.9758347','23.71842','2016-01-29 05:20:50',81,'2016-01-29 15:21:55','2016-01-29 15:21:55',NULL),(513,'','route','test','test','37.9758354','23.718403','2016-01-29 05:22:09',82,'2016-01-29 15:22:34','2016-01-29 15:22:34',NULL),(514,'','route','test','test','37.9758427','23.7184011','2016-01-29 05:23:59',83,'2016-01-29 15:24:06','2016-01-29 15:24:06',NULL),(515,'','location','test','test','37.9758366','23.7183715','2016-01-29 05:24:20',84,'2016-01-29 15:24:21','2016-01-29 15:24:21',NULL),(516,'','route','test','test','37.9668208','23.749928','2016-01-29 05:57:44',85,'2016-01-29 15:57:49','2016-01-29 15:57:49',NULL),(517,'','route','test','test','37.9668208','23.749928','2016-01-29 05:57:44',86,'2016-01-29 15:57:58','2016-01-29 15:57:58',NULL),(518,'','location','test','test','37.9668385','23.7498926','2016-01-29 05:58:15',87,'2016-01-29 15:58:17','2016-01-29 15:58:17',NULL),(519,'','route','test','test','37.9668403','23.7499101','2016-01-29 05:58:47',88,'2016-01-29 18:32:00','2016-01-29 18:32:00',NULL),(520,'','route','test','test','37.9668403','23.7499101','2016-01-29 05:58:47',89,'2016-01-29 18:32:04','2016-01-29 18:32:04',NULL),(521,'','route','test','test','37.9668403','23.7499101','2016-01-29 05:58:47',90,'2016-01-29 18:32:08','2016-01-29 18:32:08',NULL),(522,'','route','test','test','37.9668403','23.7499101','2016-01-29 05:58:47',91,'2016-01-29 18:32:12','2016-01-29 18:32:12',NULL),(523,'','route','test','test','37.9668403','23.7499101','2016-01-29 05:58:47',92,'2016-01-29 18:32:17','2016-01-29 18:32:17',NULL),(524,'','route','test','test','37.9668403','23.7499101','2016-01-29 05:58:47',93,'2016-01-29 18:32:21','2016-01-29 18:32:21',NULL),(525,'','location','test','test','37.9668333','23.7499093','2016-01-29 08:49:17',94,'2016-01-29 18:49:18','2016-01-29 18:49:18',NULL),(526,'','location','test','test','37.9668326','23.7499176','2016-01-29 08:49:57',95,'2016-01-29 18:49:58','2016-01-29 18:49:58',NULL),(527,'','location','test','test','37.9668326','23.7499176','2016-01-29 08:50:00',96,'2016-01-29 18:50:02','2016-01-29 18:50:02',NULL),(528,'','route','test','test','37.9668332','23.7499147','2016-01-29 08:53:17',97,'2016-01-29 19:16:59','2016-01-29 19:16:59',NULL),(529,'','route','test','test','37.9644677','23.7570115','2016-01-29 09:05:52',97,'2016-01-29 19:16:59','2016-01-29 19:16:59',NULL),(530,'','route','test','test','37.9668332','23.7499147','2016-01-29 08:53:17',98,'2016-01-29 19:17:03','2016-01-29 19:17:03',NULL),(531,'','route','test','test','37.9644677','23.7570115','2016-01-29 09:05:52',98,'2016-01-29 19:17:03','2016-01-29 19:17:03',NULL),(532,'','route','test','test','37.9668332','23.7499147','2016-01-29 08:53:17',99,'2016-01-29 19:53:18','2016-01-29 19:53:18',NULL),(533,'','route','test','test','37.9644677','23.7570115','2016-01-29 09:05:52',99,'2016-01-29 19:53:18','2016-01-29 19:53:18',NULL),(534,'','location','test','test','37.9644938','23.7569546','2016-01-29 10:03:02',100,'2016-01-29 20:03:03','2016-01-29 20:03:03',NULL),(535,'','route','test','test','37.9644862','23.7569843','2016-01-30 01:18:16',101,'2016-01-29 23:18:39','2016-01-29 23:18:39',NULL),(536,'','route','test','test','37.9644862','23.7569843','2016-01-30 01:18:16',102,'2016-01-29 23:19:08','2016-01-29 23:19:08',NULL),(537,'','route','test','test','37.9644862','23.7569843','2016-01-30 01:18:16',103,'2016-01-29 23:19:21','2016-01-29 23:19:21',NULL),(538,'','route','test','test','37.9644862','23.7569843','2016-01-30 01:18:16',104,'2016-01-29 23:19:26','2016-01-29 23:19:26',NULL),(539,'','location','test','test','37.9668499','23.7498654','2016-01-30 04:14:53',105,'2016-01-30 02:15:08','2016-01-30 02:15:08',NULL),(540,'','route','test','test','37.9668403','23.7499081','2016-01-30 04:15:25',106,'2016-01-30 02:15:29','2016-01-30 02:15:29',NULL),(541,'','route','test','test','37.9668403','23.7499081','2016-01-30 04:15:25',107,'2016-01-30 02:15:34','2016-01-30 02:15:34',NULL),(542,'','route','test','test','37.9668403','23.7499081','2016-01-30 04:15:25',108,'2016-01-30 02:15:38','2016-01-30 02:15:38',NULL),(543,'','route','test','test','37.9668514','23.7498639','2016-01-30 04:21:30',109,'2016-01-30 04:53:53','2016-01-30 04:53:53',NULL),(544,'','route','test','test','37.9668225','23.7498792','2016-01-30 04:22:48',109,'2016-01-30 04:53:53','2016-01-30 04:53:53',NULL),(545,'','route','test','test','37.9668514','23.7498639','2016-01-30 04:21:30',110,'2016-01-30 04:54:03','2016-01-30 04:54:03',NULL),(546,'','route','test','test','37.9668225','23.7498792','2016-01-30 04:22:48',110,'2016-01-30 04:54:03','2016-01-30 04:54:03',NULL),(547,'','route','test','test','37.9668514','23.7498639','2016-01-30 04:21:30',111,'2016-01-30 04:54:06','2016-01-30 04:54:06',NULL),(548,'','route','test','test','37.9668225','23.7498792','2016-01-30 04:22:48',111,'2016-01-30 04:54:06','2016-01-30 04:54:06',NULL),(549,'','route','test','test','37.9668514','23.7498639','2016-01-30 04:21:30',112,'2016-01-30 04:54:10','2016-01-30 04:54:10',NULL),(550,'','route','test','test','37.9668225','23.7498792','2016-01-30 04:22:48',112,'2016-01-30 04:54:10','2016-01-30 04:54:10',NULL),(551,'','route','test','test','37.9668514','23.7498639','2016-01-30 04:21:30',113,'2016-01-30 04:54:14','2016-01-30 04:54:14',NULL),(552,'','route','test','test','37.9668225','23.7498792','2016-01-30 04:22:48',113,'2016-01-30 04:54:14','2016-01-30 04:54:14',NULL),(553,'','location','test','test','37.9644895','23.7569388','2016-01-30 08:05:52',114,'2016-01-30 18:05:53','2016-01-30 18:05:53',NULL),(554,'','route','test','test','37.9644896','23.7569567','2016-01-30 08:06:11',115,'2016-01-30 18:12:12','2016-01-30 18:12:12',NULL),(555,'','route','test','test','37.964610334452','23.756866177698','2016-01-30 08:06:42',115,'2016-01-30 18:12:12','2016-01-30 18:12:12',NULL),(556,'','route','test','test','37.9644914','23.7569474','2016-01-30 08:07:23',115,'2016-01-30 18:12:12','2016-01-30 18:12:12',NULL),(557,'','route','test','test','37.964656717684','23.757076949826','2016-01-30 08:07:24',115,'2016-01-30 18:12:12','2016-01-30 18:12:12',NULL),(558,'','route','test','test','37.9743738','23.7199505','2016-02-02 10:57:45',116,'2016-02-02 08:59:58','2016-02-02 08:59:58',NULL),(559,'','route','test','test','37.97466977','23.72055702','2016-02-02 10:57:47',116,'2016-02-02 08:59:58','2016-02-02 08:59:58',NULL),(560,'','route','test','test','37.97466868','23.72055656','2016-02-02 10:57:49',116,'2016-02-02 08:59:58','2016-02-02 08:59:58',NULL),(561,'','route','test','test','37.97456835','23.72052323','2016-02-02 10:58:22',116,'2016-02-02 08:59:58','2016-02-02 08:59:58',NULL),(562,'','route','test','test','37.9745632','23.72040517','2016-02-02 10:59:22',116,'2016-02-02 08:59:58','2016-02-02 08:59:58',NULL),(563,'','route','test','test','37.9743738','23.7199505','2016-02-02 10:57:45',117,'2016-02-02 09:00:07','2016-02-02 09:00:07',NULL),(564,'','route','test','test','37.97466977','23.72055702','2016-02-02 10:57:47',117,'2016-02-02 09:00:07','2016-02-02 09:00:07',NULL),(565,'','route','test','test','37.97466868','23.72055656','2016-02-02 10:57:49',117,'2016-02-02 09:00:08','2016-02-02 09:00:08',NULL),(566,'','route','test','test','37.97456835','23.72052323','2016-02-02 10:58:22',117,'2016-02-02 09:00:08','2016-02-02 09:00:08',NULL),(567,'','route','test','test','37.9745632','23.72040517','2016-02-02 10:59:22',117,'2016-02-02 09:00:08','2016-02-02 09:00:08',NULL),(568,'','route','test','test','37.9743738','23.7199505','2016-02-02 10:57:45',118,'2016-02-02 09:00:15','2016-02-02 09:00:15',NULL),(569,'','route','test','test','37.97466977','23.72055702','2016-02-02 10:57:47',118,'2016-02-02 09:00:15','2016-02-02 09:00:15',NULL),(570,'','route','test','test','37.97466868','23.72055656','2016-02-02 10:57:49',118,'2016-02-02 09:00:15','2016-02-02 09:00:15',NULL),(571,'','route','test','test','37.97456835','23.72052323','2016-02-02 10:58:22',118,'2016-02-02 09:00:15','2016-02-02 09:00:15',NULL),(572,'','route','test','test','37.9745632','23.72040517','2016-02-02 10:59:22',118,'2016-02-02 09:00:15','2016-02-02 09:00:15',NULL),(573,'','route','test','test','37.9774069','23.7216532','2016-02-02 01:09:02',119,'2016-02-02 11:12:11','2016-02-02 11:12:11',NULL),(574,'','route','test','test','37.9766949','23.72024014','2016-02-02 01:09:04',119,'2016-02-02 11:12:11','2016-02-02 11:12:11',NULL),(575,'','route','test','test','37.97650272','23.7202817','2016-02-02 01:10:07',119,'2016-02-02 11:12:11','2016-02-02 11:12:11',NULL),(576,'','route','test','test','37.9761284','23.7196641','2016-02-02 03:44:02',120,'2016-02-02 13:47:02','2016-02-02 13:47:02',NULL),(577,'','route','test','test','37.9760572','23.719075','2016-02-02 03:44:03',120,'2016-02-02 13:47:02','2016-02-02 13:47:02',NULL),(578,'','route','test','test','37.97633431','23.72009246','2016-02-02 03:45:07',120,'2016-02-02 13:47:02','2016-02-02 13:47:02',NULL),(579,'','route','test','test','37.97637243','23.7202382','2016-02-02 03:45:09',120,'2016-02-02 13:47:02','2016-02-02 13:47:02',NULL),(580,'','route','test','test','37.97648059','23.72038588','2016-02-02 03:45:19',120,'2016-02-02 13:47:02','2016-02-02 13:47:02',NULL),(581,'','route','test','test','37.97658255','23.72015351','2016-02-02 03:45:30',120,'2016-02-02 13:47:02','2016-02-02 13:47:02',NULL),(582,'','route','test','test','37.97658919','23.71981901','2016-02-02 03:45:49',120,'2016-02-02 13:47:02','2016-02-02 13:47:02',NULL),(583,'','route','test','test','37.97646604','23.71981727','2016-02-02 03:46:10',120,'2016-02-02 13:47:02','2016-02-02 13:47:02',NULL),(584,'','route','test','test','37.97604548','23.71977474','2016-02-02 03:46:30',120,'2016-02-02 13:47:02','2016-02-02 13:47:02',NULL),(585,'','route','test','test','37.9761284','23.7196641','2016-02-02 03:44:02',121,'2016-02-02 13:47:27','2016-02-02 13:47:27',NULL),(586,'','route','test','test','37.9760572','23.719075','2016-02-02 03:44:03',121,'2016-02-02 13:47:27','2016-02-02 13:47:27',NULL),(587,'','route','test','test','37.97633431','23.72009246','2016-02-02 03:45:07',121,'2016-02-02 13:47:27','2016-02-02 13:47:27',NULL),(588,'','route','test','test','37.97637243','23.7202382','2016-02-02 03:45:09',121,'2016-02-02 13:47:27','2016-02-02 13:47:27',NULL),(589,'','route','test','test','37.97648059','23.72038588','2016-02-02 03:45:19',121,'2016-02-02 13:47:27','2016-02-02 13:47:27',NULL),(590,'','route','test','test','37.97658255','23.72015351','2016-02-02 03:45:30',121,'2016-02-02 13:47:27','2016-02-02 13:47:27',NULL),(591,'','route','test','test','37.97658919','23.71981901','2016-02-02 03:45:49',121,'2016-02-02 13:47:27','2016-02-02 13:47:27',NULL),(592,'','route','test','test','37.97646604','23.71981727','2016-02-02 03:46:10',121,'2016-02-02 13:47:27','2016-02-02 13:47:27',NULL),(593,'','route','test','test','37.97604548','23.71977474','2016-02-02 03:46:30',121,'2016-02-02 13:47:27','2016-02-02 13:47:27',NULL);
/*!40000 ALTER TABLE `measurements` ENABLE KEYS */;
UNLOCK TABLES;

--
-- Table structure for table `migrations`
--

DROP TABLE IF EXISTS `migrations`;
/*!40101 SET @saved_cs_client     = @@character_set_client */;
/*!40101 SET character_set_client = utf8 */;
CREATE TABLE `migrations` (
  `migration` varchar(255) COLLATE utf8_unicode_ci NOT NULL,
  `batch` int(11) NOT NULL
) ENGINE=InnoDB DEFAULT CHARSET=utf8 COLLATE=utf8_unicode_ci;
/*!40101 SET character_set_client = @saved_cs_client */;

--
-- Dumping data for table `migrations`
--

LOCK TABLES `migrations` WRITE;
/*!40000 ALTER TABLE `migrations` DISABLE KEYS */;
INSERT INTO `migrations` VALUES ('2014_10_12_000000_create_users_table',1),('2014_10_12_100000_create_password_resets_table',1),('2015_10_26_132315_create_missions_table',1),('2015_11_16_130736_create_devices_table',1),('2015_11_17_125637_create_users_missions_table',1),('2015_11_20_165110_mission_add_radical_id_column',1),('2015_11_23_130156_create_observations_and_measurements_table',1),('2016_01_07_133542_create_suggested_missions_table',1),('2016_01_08_100123_create_invites_table',1),('2016_01_11_082038_create_points_table',1);
/*!40000 ALTER TABLE `migrations` ENABLE KEYS */;
UNLOCK TABLES;

--
-- Table structure for table `mission_types`
--

DROP TABLE IF EXISTS `mission_types`;
/*!40101 SET @saved_cs_client     = @@character_set_client */;
/*!40101 SET character_set_client = utf8 */;
CREATE TABLE `mission_types` (
  `id` int(10) unsigned NOT NULL AUTO_INCREMENT,
  `name` varchar(255) COLLATE utf8_unicode_ci NOT NULL,
  PRIMARY KEY (`id`)
) ENGINE=InnoDB AUTO_INCREMENT=3 DEFAULT CHARSET=utf8 COLLATE=utf8_unicode_ci;
/*!40101 SET character_set_client = @saved_cs_client */;

--
-- Dumping data for table `mission_types`
--

LOCK TABLES `mission_types` WRITE;
/*!40000 ALTER TABLE `mission_types` DISABLE KEYS */;
INSERT INTO `mission_types` VALUES (1,'location'),(2,'route');
/*!40000 ALTER TABLE `mission_types` ENABLE KEYS */;
UNLOCK TABLES;

--
-- Table structure for table `missions`
--

DROP TABLE IF EXISTS `missions`;
/*!40101 SET @saved_cs_client     = @@character_set_client */;
/*!40101 SET character_set_client = utf8 */;
CREATE TABLE `missions` (
  `id` int(10) unsigned NOT NULL AUTO_INCREMENT,
  `name` varchar(255) COLLATE utf8_unicode_ci NOT NULL,
  `description` varchar(255) COLLATE utf8_unicode_ci DEFAULT NULL,
  `img_name` varchar(255) COLLATE utf8_unicode_ci DEFAULT NULL,
  `created_at` timestamp NOT NULL DEFAULT '0000-00-00 00:00:00',
  `updated_at` timestamp NOT NULL DEFAULT '0000-00-00 00:00:00',
  `deleted_at` timestamp NULL DEFAULT NULL,
  `type_id` int(10) unsigned NOT NULL,
  `radical_service_id` varchar(100) COLLATE utf8_unicode_ci NOT NULL,
  PRIMARY KEY (`id`),
  UNIQUE KEY `missions_radical_service_id_unique` (`radical_service_id`),
  KEY `missions_type_id_foreign` (`type_id`),
  CONSTRAINT `missions_type_id_foreign` FOREIGN KEY (`type_id`) REFERENCES `mission_types` (`id`)
) ENGINE=InnoDB AUTO_INCREMENT=10 DEFAULT CHARSET=utf8 COLLATE=utf8_unicode_ci;
/*!40101 SET character_set_client = @saved_cs_client */;

--
-- Dumping data for table `missions`
--

LOCK TABLES `missions` WRITE;
/*!40000 ALTER TABLE `missions` DISABLE KEYS */;
INSERT INTO `missions` VALUES (1,'Cafe / Bar   AA','                 ;         .              .  ',NULL,'2016-01-22 10:43:46','2016-01-22 10:43:46',NULL,1,'cityrus_O5m8eTmy5t7gkPak'),(2,'   AA','             ;              ,             ',NULL,'2016-01-22 10:43:47','2016-01-22 10:43:47',NULL,2,'cityrus_Ymew99uee5QC5OCS'),(3,'   ','    !  ,    ,   ,  ,   ...     ;            !       ',NULL,'2016-01-22 10:43:47','2016-01-22 10:43:47',NULL,2,'cityrus_CN3TL1WsjadDnbn8'),(4,'   ','   !               ,       ,  ,   ...       ! ',NULL,'2016-01-22 10:43:48','2016-01-22 10:43:48',NULL,2,'cityrus_bOKPS5Sv8G8KR8WJ'),(5,'   ','   !      ;        ;                  .',NULL,'2016-01-22 10:43:49','2016-01-22 10:43:49','2016-01-27 10:25:53',2,'cityrus_nYXEN8s8P4PYEcCz'),(6,'  1','     !  !',NULL,'2016-01-27 10:24:54','2016-01-27 10:25:53','2016-01-27 10:25:53',1,'cityrus_7Wb5dpS1SGdVS0Jc'),(7,'Scify test mission','Test mission, super secret!',NULL,'2016-01-27 10:31:18','2016-01-27 10:34:54','2016-01-27 10:34:54',1,'cityrus_q1L0y2YwTmmaG6xc'),(8,'Scify test mission','Test mission, super top secret!',NULL,'2016-01-27 10:35:50','2016-01-27 10:37:11','2016-01-27 10:37:11',1,'cityrus_hlwCs4NGtnzYWn88'),(9,'Scify test mission','Test mission, super top secret!',NULL,'2016-01-27 10:35:59','2016-01-27 10:37:08','2016-01-27 10:37:08',1,'cityrus_WR6lkYIW5UbsjXUS');
/*!40000 ALTER TABLE `missions` ENABLE KEYS */;
UNLOCK TABLES;

--
-- Table structure for table `observations`
--

DROP TABLE IF EXISTS `observations`;
/*!40101 SET @saved_cs_client     = @@character_set_client */;
/*!40101 SET character_set_client = utf8 */;
CREATE TABLE `observations` (
  `id` int(10) unsigned NOT NULL AUTO_INCREMENT,
  `device_uuid` varchar(255) COLLATE utf8_unicode_ci NOT NULL,
  `latitude` varchar(255) COLLATE utf8_unicode_ci DEFAULT NULL,
  `longitude` varchar(255) COLLATE utf8_unicode_ci DEFAULT NULL,
  `observation_date` datetime DEFAULT NULL,
  `device_id` int(10) unsigned NOT NULL,
  `created_at` timestamp NOT NULL DEFAULT '0000-00-00 00:00:00',
  `updated_at` timestamp NOT NULL DEFAULT '0000-00-00 00:00:00',
  `deleted_at` timestamp NULL DEFAULT NULL,
  PRIMARY KEY (`id`),
  KEY `observations_device_id_foreign` (`device_id`),
  CONSTRAINT `observations_device_id_foreign` FOREIGN KEY (`device_id`) REFERENCES `devices` (`id`)
) ENGINE=InnoDB AUTO_INCREMENT=122 DEFAULT CHARSET=utf8 COLLATE=utf8_unicode_ci;
/*!40101 SET character_set_client = @saved_cs_client */;

--
-- Dumping data for table `observations`
--

LOCK TABLES `observations` WRITE;
/*!40000 ALTER TABLE `observations` DISABLE KEYS */;
INSERT INTO `observations` VALUES (1,'s.cityrus_O5m8eTmy5t7gkPak.23bc3fc9758b8f0','37.9677467','23.7150592','2016-01-25 11:41:19',6,'2016-01-25 09:41:33','2016-01-25 09:41:33',NULL),(2,'s.cityrus_CN3TL1WsjadDnbn8.23bc3fc9758b8f0','37.970149993896','23.722423553467','2016-01-25 11:49:46',6,'2016-01-25 09:49:59','2016-01-25 09:49:59',NULL),(3,'s.cityrus_O5m8eTmy5t7gkPak.450b56a8ef11328a','37.9758333','23.7183657','2016-01-25 12:22:23',2,'2016-01-25 10:22:26','2016-01-25 10:22:26',NULL),(4,'s.cityrus_O5m8eTmy5t7gkPak.b3c80029176a7ec9','37.9758205','23.7184398','2016-01-25 12:40:55',9,'2016-01-25 10:41:03','2016-01-25 10:41:03',NULL),(5,'s.cityrus_bOKPS5Sv8G8KR8WJ.23bc3fc9758b8f0','37.935394287109','23.647569656372','2016-01-25 02:27:29',6,'2016-01-25 12:27:31','2016-01-25 12:27:31',NULL),(6,'s.cityrus_bOKPS5Sv8G8KR8WJ.c0575bd81db82f1e','37.97001417','23.7247746','2016-01-27 07:17:08',12,'2016-01-27 05:17:34','2016-01-27 05:17:34',NULL),(7,'s.cityrus_bOKPS5Sv8G8KR8WJ.c0575bd81db82f1e','37.97001417','23.7247746','2016-01-27 08:02:41',12,'2016-01-27 06:03:01','2016-01-27 06:03:01',NULL),(8,'s.cityrus_bOKPS5Sv8G8KR8WJ.c0575bd81db82f1e','37.97001417','23.7247746','2016-01-27 09:23:32',12,'2016-01-27 07:23:38','2016-01-27 07:23:38',NULL),(9,'s.cityrus_O5m8eTmy5t7gkPak.23bc3fc9758b8f0','40.43419824877','-3.6310325629516','2016-01-27 01:32:43',6,'2016-01-27 11:32:44','2016-01-27 11:32:44',NULL),(10,'s.cityrus_O5m8eTmy5t7gkPak.23bc3fc9758b8f0','40.435559551051','-3.6335277970977','2016-01-27 01:34:19',6,'2016-01-27 11:34:19','2016-01-27 11:34:19',NULL),(11,'s.cityrus_O5m8eTmy5t7gkPak.23bc3fc9758b8f0','40.435559551051','-3.6335277970977','2016-01-27 01:34:35',6,'2016-01-27 11:34:36','2016-01-27 11:34:36',NULL),(12,'s.cityrus_bOKPS5Sv8G8KR8WJ.9d7eb8385aa5dfb7','37.9743639','23.75338656','2016-01-28 11:50:26',13,'2016-01-28 09:50:33','2016-01-28 09:50:33',NULL),(13,'s.cityrus_bOKPS5Sv8G8KR8WJ.9d7eb8385aa5dfb7','37.9740417','23.7536695','2016-01-28 11:51:20',13,'2016-01-28 09:51:24','2016-01-28 09:51:24',NULL),(14,'s.cityrus_O5m8eTmy5t7gkPak.47f832a9d5fa4b59','37.9757705','23.7184283','2016-01-28 03:49:58',14,'2016-01-28 13:50:00','2016-01-28 13:50:00',NULL),(15,'s.cityrus_O5m8eTmy5t7gkPak.47f832a9d5fa4b59','37.975835','23.7183771','2016-01-28 03:59:12',14,'2016-01-28 13:59:14','2016-01-28 13:59:14',NULL),(16,'s.cityrus_O5m8eTmy5t7gkPak.47f832a9d5fa4b59','37.975835','23.7183771','2016-01-28 03:59:23',14,'2016-01-28 13:59:25','2016-01-28 13:59:25',NULL),(17,'s.cityrus_O5m8eTmy5t7gkPak.47f832a9d5fa4b59','37.975835','23.7183771','2016-01-28 03:59:33',14,'2016-01-28 13:59:34','2016-01-28 13:59:34',NULL),(18,'s.cityrus_O5m8eTmy5t7gkPak.47f832a9d5fa4b59','37.975835','23.7183771','2016-01-28 03:59:49',14,'2016-01-28 13:59:50','2016-01-28 13:59:50',NULL),(19,'s.cityrus_O5m8eTmy5t7gkPak.47f832a9d5fa4b59','37.975835','23.7183771','2016-01-28 04:00:04',14,'2016-01-28 14:00:06','2016-01-28 14:00:06',NULL),(20,'s.cityrus_O5m8eTmy5t7gkPak.47f832a9d5fa4b59','37.975835','23.7183771','2016-01-28 04:00:18',14,'2016-01-28 14:00:20','2016-01-28 14:00:20',NULL),(21,'s.cityrus_O5m8eTmy5t7gkPak.47f832a9d5fa4b59','37.975835','23.7183771','2016-01-28 04:00:37',14,'2016-01-28 14:00:38','2016-01-28 14:00:38',NULL),(22,'s.cityrus_O5m8eTmy5t7gkPak.47f832a9d5fa4b59','37.975835','23.7183771','2016-01-28 04:02:02',14,'2016-01-28 14:02:03','2016-01-28 14:02:03',NULL),(23,'s.cityrus_O5m8eTmy5t7gkPak.47f832a9d5fa4b59','37.975835','23.7183771','2016-01-28 04:02:06',14,'2016-01-28 14:02:06','2016-01-28 14:02:06',NULL),(24,'s.cityrus_O5m8eTmy5t7gkPak.47f832a9d5fa4b59','37.975835','23.7183771','2016-01-28 04:02:09',14,'2016-01-28 14:02:10','2016-01-28 14:02:10',NULL),(25,'s.cityrus_O5m8eTmy5t7gkPak.47f832a9d5fa4b59','37.975835','23.7183771','2016-01-28 04:03:04',14,'2016-01-28 14:03:05','2016-01-28 14:03:05',NULL),(26,'s.cityrus_O5m8eTmy5t7gkPak.47f832a9d5fa4b59','37.975835','23.7183771','2016-01-28 04:03:07',14,'2016-01-28 14:03:08','2016-01-28 14:03:08',NULL),(27,'s.cityrus_O5m8eTmy5t7gkPak.47f832a9d5fa4b59','37.975835','23.7183771','2016-01-28 04:03:10',14,'2016-01-28 14:03:11','2016-01-28 14:03:11',NULL),(28,'s.cityrus_O5m8eTmy5t7gkPak.47f832a9d5fa4b59','37.975835','23.7183771','2016-01-28 04:03:14',14,'2016-01-28 14:03:15','2016-01-28 14:03:15',NULL),(29,'s.cityrus_O5m8eTmy5t7gkPak.47f832a9d5fa4b59','37.975835','23.7183771','2016-01-28 04:03:17',14,'2016-01-28 14:03:18','2016-01-28 14:03:18',NULL),(30,'s.cityrus_O5m8eTmy5t7gkPak.47f832a9d5fa4b59','37.9758077','23.7184114','2016-01-28 04:04:22',14,'2016-01-28 14:04:23','2016-01-28 14:04:23',NULL),(31,'s.cityrus_CN3TL1WsjadDnbn8.47f832a9d5fa4b59','37.9757861','23.7183664','2016-01-28 04:19:39',14,'2016-01-28 14:19:40','2016-01-28 14:19:40',NULL),(32,'s.cityrus_CN3TL1WsjadDnbn8.47f832a9d5fa4b59','37.9757861','23.7183664','2016-01-28 04:19:44',14,'2016-01-28 14:19:44','2016-01-28 14:19:44',NULL),(33,'s.cityrus_CN3TL1WsjadDnbn8.47f832a9d5fa4b59','37.9757861','23.7183664','2016-01-28 04:19:48',14,'2016-01-28 14:19:48','2016-01-28 14:19:48',NULL),(34,'s.cityrus_bOKPS5Sv8G8KR8WJ.47f832a9d5fa4b59','37.9754056','23.720965','2016-01-28 04:21:30',14,'2016-01-28 14:21:32','2016-01-28 14:21:32',NULL),(35,'s.cityrus_O5m8eTmy5t7gkPak.47f832a9d5fa4b59','37.975777','23.7183931','2016-01-28 04:32:36',14,'2016-01-28 14:32:37','2016-01-28 14:32:37',NULL),(36,'s.cityrus_O5m8eTmy5t7gkPak.47f832a9d5fa4b59','37.975777','23.7183931','2016-01-28 04:32:40',14,'2016-01-28 14:32:40','2016-01-28 14:32:40',NULL),(37,'s.cityrus_O5m8eTmy5t7gkPak.47f832a9d5fa4b59','37.975777','23.7183931','2016-01-28 04:32:44',14,'2016-01-28 14:32:44','2016-01-28 14:32:44',NULL),(38,'s.cityrus_Ymew99uee5QC5OCS.47f832a9d5fa4b59','37.9758001','23.7184545','2016-01-28 04:41:17',14,'2016-01-28 14:41:19','2016-01-28 14:41:19',NULL),(39,'s.cityrus_Ymew99uee5QC5OCS.47f832a9d5fa4b59','37.9758001','23.7184545','2016-01-28 04:41:21',14,'2016-01-28 14:41:23','2016-01-28 14:41:23',NULL),(40,'s.cityrus_Ymew99uee5QC5OCS.47f832a9d5fa4b59','37.9758001','23.7184545','2016-01-28 04:41:25',14,'2016-01-28 14:41:26','2016-01-28 14:41:26',NULL),(41,'s.cityrus_Ymew99uee5QC5OCS.47f832a9d5fa4b59','37.9758001','23.7184545','2016-01-28 04:41:28',14,'2016-01-28 14:41:30','2016-01-28 14:41:30',NULL),(42,'s.cityrus_Ymew99uee5QC5OCS.47f832a9d5fa4b59','37.9758001','23.7184545','2016-01-28 04:41:31',14,'2016-01-28 14:41:33','2016-01-28 14:41:33',NULL),(43,'s.cityrus_Ymew99uee5QC5OCS.47f832a9d5fa4b59','37.9758001','23.7184545','2016-01-28 04:41:35',14,'2016-01-28 14:41:36','2016-01-28 14:41:36',NULL),(44,'s.cityrus_Ymew99uee5QC5OCS.47f832a9d5fa4b59','37.9758001','23.7184545','2016-01-28 04:41:38',14,'2016-01-28 14:41:40','2016-01-28 14:41:40',NULL),(45,'s.cityrus_Ymew99uee5QC5OCS.47f832a9d5fa4b59','37.9758001','23.7184545','2016-01-28 04:41:42',14,'2016-01-28 14:41:43','2016-01-28 14:41:43',NULL),(46,'s.cityrus_Ymew99uee5QC5OCS.47f832a9d5fa4b59','37.9758001','23.7184545','2016-01-28 04:41:56',14,'2016-01-28 14:41:58','2016-01-28 14:41:58',NULL),(47,'s.cityrus_Ymew99uee5QC5OCS.47f832a9d5fa4b59','37.9758001','23.7184545','2016-01-28 04:42:08',14,'2016-01-28 14:42:09','2016-01-28 14:42:09',NULL),(48,'s.cityrus_Ymew99uee5QC5OCS.47f832a9d5fa4b59','37.9758001','23.7184545','2016-01-28 04:42:12',14,'2016-01-28 14:42:14','2016-01-28 14:42:14',NULL),(49,'s.cityrus_Ymew99uee5QC5OCS.47f832a9d5fa4b59','37.9758001','23.7184545','2016-01-28 04:42:15',14,'2016-01-28 14:42:17','2016-01-28 14:42:17',NULL),(50,'s.cityrus_Ymew99uee5QC5OCS.47f832a9d5fa4b59','37.9758001','23.7184545','2016-01-28 04:42:19',14,'2016-01-28 14:42:20','2016-01-28 14:42:20',NULL),(51,'s.cityrus_Ymew99uee5QC5OCS.47f832a9d5fa4b59','37.9758001','23.7184545','2016-01-28 04:42:22',14,'2016-01-28 14:42:23','2016-01-28 14:42:23',NULL),(52,'s.cityrus_Ymew99uee5QC5OCS.47f832a9d5fa4b59','37.9758001','23.7184545','2016-01-28 04:42:25',14,'2016-01-28 14:42:26','2016-01-28 14:42:26',NULL),(53,'s.cityrus_Ymew99uee5QC5OCS.47f832a9d5fa4b59','37.9758001','23.7184545','2016-01-28 04:42:28',14,'2016-01-28 14:42:30','2016-01-28 14:42:30',NULL),(54,'s.cityrus_Ymew99uee5QC5OCS.47f832a9d5fa4b59','37.9758001','23.7184545','2016-01-28 04:42:31',14,'2016-01-28 14:42:32','2016-01-28 14:42:32',NULL),(55,'s.cityrus_Ymew99uee5QC5OCS.47f832a9d5fa4b59','37.9758001','23.7184545','2016-01-28 04:42:34',14,'2016-01-28 14:42:36','2016-01-28 14:42:36',NULL),(56,'s.cityrus_Ymew99uee5QC5OCS.47f832a9d5fa4b59','37.9758001','23.7184545','2016-01-28 04:44:05',14,'2016-01-28 14:44:07','2016-01-28 14:44:07',NULL),(57,'s.cityrus_Ymew99uee5QC5OCS.47f832a9d5fa4b59','37.9758001','23.7184545','2016-01-28 04:44:09',14,'2016-01-28 14:44:10','2016-01-28 14:44:10',NULL),(58,'s.cityrus_Ymew99uee5QC5OCS.47f832a9d5fa4b59','37.9758001','23.7184545','2016-01-28 04:44:12',14,'2016-01-28 14:44:13','2016-01-28 14:44:13',NULL),(59,'s.cityrus_CN3TL1WsjadDnbn8.5a15876a39de14ac','37.9758423','23.7183956','2016-01-29 11:14:56',15,'2016-01-29 09:14:57','2016-01-29 09:14:57',NULL),(60,'s.cityrus_O5m8eTmy5t7gkPak.5a15876a39de14ac','37.9758311','23.7184076','2016-01-29 11:22:02',15,'2016-01-29 09:22:03','2016-01-29 09:22:03',NULL),(61,'s.cityrus_O5m8eTmy5t7gkPak.test','38.0457568','23.8584737','2016-01-29 12:56:28',1,'2016-01-29 10:56:30','2016-01-29 10:56:30',NULL),(62,'s.cityrus_Ymew99uee5QC5OCS.47f832a9d5fa4b59','37.9758123','23.7184126','2016-01-29 02:11:16',14,'2016-01-29 12:11:17','2016-01-29 12:11:17',NULL),(63,'s.cityrus_CN3TL1WsjadDnbn8.5a15876a39de14ac','37.9758381','23.718415','2016-01-29 04:48:34',15,'2016-01-29 14:48:36','2016-01-29 14:48:36',NULL),(64,'s.cityrus_O5m8eTmy5t7gkPak.5a15876a39de14ac','37.9758378','23.7184078','2016-01-29 04:51:41',15,'2016-01-29 14:51:42','2016-01-29 14:51:42',NULL),(65,'s.cityrus_O5m8eTmy5t7gkPak.5a15876a39de14ac','37.9758378','23.7184078','2016-01-29 04:51:49',15,'2016-01-29 14:51:50','2016-01-29 14:51:50',NULL),(66,'s.cityrus_O5m8eTmy5t7gkPak.5a15876a39de14ac','37.9758378','23.7184078','2016-01-29 04:51:52',15,'2016-01-29 14:51:53','2016-01-29 14:51:53',NULL),(67,'s.cityrus_O5m8eTmy5t7gkPak.5a15876a39de14ac','37.9758395','23.7184121','2016-01-29 04:54:55',15,'2016-01-29 14:54:56','2016-01-29 14:54:56',NULL),(68,'s.cityrus_O5m8eTmy5t7gkPak.5a15876a39de14ac','37.9758395','23.7184121','2016-01-29 04:55:00',15,'2016-01-29 14:55:01','2016-01-29 14:55:01',NULL),(69,'s.cityrus_bOKPS5Sv8G8KR8WJ.5a15876a39de14ac','37.9758367','23.7184096','2016-01-29 05:06:09',15,'2016-01-29 15:06:11','2016-01-29 15:06:11',NULL),(70,'s.cityrus_bOKPS5Sv8G8KR8WJ.5a15876a39de14ac','37.9758367','23.7184096','2016-01-29 05:06:13',15,'2016-01-29 15:06:15','2016-01-29 15:06:15',NULL),(71,'s.cityrus_bOKPS5Sv8G8KR8WJ.5a15876a39de14ac','37.9758367','23.7184096','2016-01-29 05:06:17',15,'2016-01-29 15:06:18','2016-01-29 15:06:18',NULL),(72,'s.cityrus_bOKPS5Sv8G8KR8WJ.5a15876a39de14ac','37.9758367','23.7184096','2016-01-29 05:06:21',15,'2016-01-29 15:06:22','2016-01-29 15:06:22',NULL),(73,'s.cityrus_CN3TL1WsjadDnbn8.47f832a9d5fa4b59','37.9758347','23.71842','2016-01-29 05:21:00',14,'2016-01-29 15:21:02','2016-01-29 15:21:02',NULL),(74,'s.cityrus_CN3TL1WsjadDnbn8.47f832a9d5fa4b59','37.9758347','23.71842','2016-01-29 05:21:05',14,'2016-01-29 15:21:07','2016-01-29 15:21:07',NULL),(75,'s.cityrus_CN3TL1WsjadDnbn8.47f832a9d5fa4b59','37.9758347','23.71842','2016-01-29 05:21:10',14,'2016-01-29 15:21:11','2016-01-29 15:21:11',NULL),(76,'s.cityrus_CN3TL1WsjadDnbn8.47f832a9d5fa4b59','37.9758347','23.71842','2016-01-29 05:21:14',14,'2016-01-29 15:21:15','2016-01-29 15:21:15',NULL),(77,'s.cityrus_CN3TL1WsjadDnbn8.47f832a9d5fa4b59','37.9758347','23.71842','2016-01-29 05:21:18',14,'2016-01-29 15:21:19','2016-01-29 15:21:19',NULL),(78,'s.cityrus_CN3TL1WsjadDnbn8.47f832a9d5fa4b59','37.9758347','23.71842','2016-01-29 05:21:34',14,'2016-01-29 15:21:36','2016-01-29 15:21:36',NULL),(79,'s.cityrus_CN3TL1WsjadDnbn8.47f832a9d5fa4b59','37.9758347','23.71842','2016-01-29 05:21:42',14,'2016-01-29 15:21:43','2016-01-29 15:21:43',NULL),(80,'s.cityrus_CN3TL1WsjadDnbn8.47f832a9d5fa4b59','37.9758347','23.71842','2016-01-29 05:21:49',14,'2016-01-29 15:21:50','2016-01-29 15:21:50',NULL),(81,'s.cityrus_CN3TL1WsjadDnbn8.47f832a9d5fa4b59','37.9758347','23.71842','2016-01-29 05:21:54',14,'2016-01-29 15:21:55','2016-01-29 15:21:55',NULL),(82,'s.cityrus_CN3TL1WsjadDnbn8.47f832a9d5fa4b59','37.9758354','23.718403','2016-01-29 05:22:32',14,'2016-01-29 15:22:34','2016-01-29 15:22:34',NULL),(83,'s.cityrus_CN3TL1WsjadDnbn8.47f832a9d5fa4b59','37.9758427','23.7184011','2016-01-29 05:24:05',14,'2016-01-29 15:24:06','2016-01-29 15:24:06',NULL),(84,'s.cityrus_O5m8eTmy5t7gkPak.47f832a9d5fa4b59','37.9758366','23.7183715','2016-01-29 05:24:20',14,'2016-01-29 15:24:21','2016-01-29 15:24:21',NULL),(85,'s.cityrus_CN3TL1WsjadDnbn8.47f832a9d5fa4b59','37.9668208','23.749928','2016-01-29 05:57:47',14,'2016-01-29 15:57:49','2016-01-29 15:57:49',NULL),(86,'s.cityrus_CN3TL1WsjadDnbn8.47f832a9d5fa4b59','37.9668208','23.749928','2016-01-29 05:57:56',14,'2016-01-29 15:57:58','2016-01-29 15:57:58',NULL),(87,'s.cityrus_O5m8eTmy5t7gkPak.47f832a9d5fa4b59','37.9668385','23.7498926','2016-01-29 05:58:15',14,'2016-01-29 15:58:17','2016-01-29 15:58:17',NULL),(88,'s.cityrus_bOKPS5Sv8G8KR8WJ.47f832a9d5fa4b59','37.9668403','23.7499101','2016-01-29 08:31:59',14,'2016-01-29 18:32:00','2016-01-29 18:32:00',NULL),(89,'s.cityrus_bOKPS5Sv8G8KR8WJ.47f832a9d5fa4b59','37.9668403','23.7499101','2016-01-29 08:32:03',14,'2016-01-29 18:32:04','2016-01-29 18:32:04',NULL),(90,'s.cityrus_bOKPS5Sv8G8KR8WJ.47f832a9d5fa4b59','37.9668403','23.7499101','2016-01-29 08:32:06',14,'2016-01-29 18:32:08','2016-01-29 18:32:08',NULL),(91,'s.cityrus_bOKPS5Sv8G8KR8WJ.47f832a9d5fa4b59','37.9668403','23.7499101','2016-01-29 08:32:10',14,'2016-01-29 18:32:11','2016-01-29 18:32:11',NULL),(92,'s.cityrus_bOKPS5Sv8G8KR8WJ.47f832a9d5fa4b59','37.9668403','23.7499101','2016-01-29 08:32:16',14,'2016-01-29 18:32:17','2016-01-29 18:32:17',NULL),(93,'s.cityrus_bOKPS5Sv8G8KR8WJ.47f832a9d5fa4b59','37.9668403','23.7499101','2016-01-29 08:32:20',14,'2016-01-29 18:32:21','2016-01-29 18:32:21',NULL),(94,'s.cityrus_O5m8eTmy5t7gkPak.47f832a9d5fa4b59','37.9668333','23.7499093','2016-01-29 08:49:17',14,'2016-01-29 18:49:18','2016-01-29 18:49:18',NULL),(95,'s.cityrus_O5m8eTmy5t7gkPak.47f832a9d5fa4b59','37.9668326','23.7499176','2016-01-29 08:49:57',14,'2016-01-29 18:49:58','2016-01-29 18:49:58',NULL),(96,'s.cityrus_O5m8eTmy5t7gkPak.47f832a9d5fa4b59','37.9668326','23.7499176','2016-01-29 08:50:00',14,'2016-01-29 18:50:02','2016-01-29 18:50:02',NULL),(97,'s.cityrus_CN3TL1WsjadDnbn8.47f832a9d5fa4b59','37.9644677','23.7570115','2016-01-29 09:16:57',14,'2016-01-29 19:16:59','2016-01-29 19:16:59',NULL),(98,'s.cityrus_CN3TL1WsjadDnbn8.47f832a9d5fa4b59','37.9644677','23.7570115','2016-01-29 09:17:01',14,'2016-01-29 19:17:03','2016-01-29 19:17:03',NULL),(99,'s.cityrus_CN3TL1WsjadDnbn8.47f832a9d5fa4b59','37.9644677','23.7570115','2016-01-29 09:53:16',14,'2016-01-29 19:53:18','2016-01-29 19:53:18',NULL),(100,'s.cityrus_O5m8eTmy5t7gkPak.47f832a9d5fa4b59','37.9644938','23.7569546','2016-01-29 10:03:02',14,'2016-01-29 20:03:03','2016-01-29 20:03:03',NULL),(101,'s.cityrus_Ymew99uee5QC5OCS.47f832a9d5fa4b59','37.9644862','23.7569843','2016-01-30 01:18:38',14,'2016-01-29 23:18:39','2016-01-29 23:18:39',NULL),(102,'s.cityrus_Ymew99uee5QC5OCS.47f832a9d5fa4b59','37.9644862','23.7569843','2016-01-30 01:19:07',14,'2016-01-29 23:19:08','2016-01-29 23:19:08',NULL),(103,'s.cityrus_Ymew99uee5QC5OCS.47f832a9d5fa4b59','37.9644862','23.7569843','2016-01-30 01:19:20',14,'2016-01-29 23:19:21','2016-01-29 23:19:21',NULL),(104,'s.cityrus_Ymew99uee5QC5OCS.47f832a9d5fa4b59','37.9644862','23.7569843','2016-01-30 01:19:25',14,'2016-01-29 23:19:26','2016-01-29 23:19:26',NULL),(105,'s.cityrus_O5m8eTmy5t7gkPak.47f832a9d5fa4b59','37.9668499','23.7498654','2016-01-30 04:14:53',14,'2016-01-30 02:15:07','2016-01-30 02:15:07',NULL),(106,'s.cityrus_CN3TL1WsjadDnbn8.47f832a9d5fa4b59','37.9668403','23.7499081','2016-01-30 04:15:28',14,'2016-01-30 02:15:29','2016-01-30 02:15:29',NULL),(107,'s.cityrus_CN3TL1WsjadDnbn8.47f832a9d5fa4b59','37.9668403','23.7499081','2016-01-30 04:15:33',14,'2016-01-30 02:15:34','2016-01-30 02:15:34',NULL),(108,'s.cityrus_CN3TL1WsjadDnbn8.47f832a9d5fa4b59','37.9668403','23.7499081','2016-01-30 04:15:37',14,'2016-01-30 02:15:38','2016-01-30 02:15:38',NULL),(109,'s.cityrus_CN3TL1WsjadDnbn8.47f832a9d5fa4b59','37.9668225','23.7498792','2016-01-30 06:53:51',14,'2016-01-30 04:53:53','2016-01-30 04:53:53',NULL),(110,'s.cityrus_CN3TL1WsjadDnbn8.47f832a9d5fa4b59','37.9668225','23.7498792','2016-01-30 06:54:01',14,'2016-01-30 04:54:02','2016-01-30 04:54:02',NULL),(111,'s.cityrus_CN3TL1WsjadDnbn8.47f832a9d5fa4b59','37.9668225','23.7498792','2016-01-30 06:54:05',14,'2016-01-30 04:54:06','2016-01-30 04:54:06',NULL),(112,'s.cityrus_CN3TL1WsjadDnbn8.47f832a9d5fa4b59','37.9668225','23.7498792','2016-01-30 06:54:09',14,'2016-01-30 04:54:10','2016-01-30 04:54:10',NULL),(113,'s.cityrus_CN3TL1WsjadDnbn8.47f832a9d5fa4b59','37.9668225','23.7498792','2016-01-30 06:54:13',14,'2016-01-30 04:54:14','2016-01-30 04:54:14',NULL),(114,'s.cityrus_O5m8eTmy5t7gkPak.47f832a9d5fa4b59','37.9644895','23.7569388','2016-01-30 08:05:52',14,'2016-01-30 18:05:53','2016-01-30 18:05:53',NULL),(115,'s.cityrus_CN3TL1WsjadDnbn8.47f832a9d5fa4b59','37.964656717684','23.757076949826','2016-01-30 08:12:11',14,'2016-01-30 18:12:12','2016-01-30 18:12:12',NULL),(116,'s.cityrus_CN3TL1WsjadDnbn8.311ca96fb27f04b','37.9745632','23.72040517','2016-02-02 10:59:57',16,'2016-02-02 08:59:58','2016-02-02 08:59:58',NULL),(117,'s.cityrus_CN3TL1WsjadDnbn8.311ca96fb27f04b','37.9745632','23.72040517','2016-02-02 11:00:07',16,'2016-02-02 09:00:07','2016-02-02 09:00:07',NULL),(118,'s.cityrus_CN3TL1WsjadDnbn8.311ca96fb27f04b','37.9745632','23.72040517','2016-02-02 11:00:15',16,'2016-02-02 09:00:15','2016-02-02 09:00:15',NULL),(119,'s.cityrus_CN3TL1WsjadDnbn8.311ca96fb27f04b','37.97650272','23.7202817','2016-02-02 01:12:11',16,'2016-02-02 11:12:11','2016-02-02 11:12:11',NULL),(120,'s.cityrus_Ymew99uee5QC5OCS.311ca96fb27f04b','37.97604548','23.71977474','2016-02-02 03:47:00',16,'2016-02-02 13:47:02','2016-02-02 13:47:02',NULL),(121,'s.cityrus_Ymew99uee5QC5OCS.311ca96fb27f04b','37.97604548','23.71977474','2016-02-02 03:47:26',16,'2016-02-02 13:47:27','2016-02-02 13:47:27',NULL);
/*!40000 ALTER TABLE `observations` ENABLE KEYS */;
UNLOCK TABLES;

--
-- Table structure for table `password_resets`
--

DROP TABLE IF EXISTS `password_resets`;
/*!40101 SET @saved_cs_client     = @@character_set_client */;
/*!40101 SET character_set_client = utf8 */;
CREATE TABLE `password_resets` (
  `email` varchar(255) COLLATE utf8_unicode_ci NOT NULL,
  `token` varchar(255) COLLATE utf8_unicode_ci NOT NULL,
  `created_at` timestamp NOT NULL DEFAULT '0000-00-00 00:00:00',
  KEY `password_resets_email_index` (`email`),
  KEY `password_resets_token_index` (`token`)
) ENGINE=InnoDB DEFAULT CHARSET=utf8 COLLATE=utf8_unicode_ci;
/*!40101 SET character_set_client = @saved_cs_client */;

--
-- Dumping data for table `password_resets`
--

LOCK TABLES `password_resets` WRITE;
/*!40000 ALTER TABLE `password_resets` DISABLE KEYS */;
/*!40000 ALTER TABLE `password_resets` ENABLE KEYS */;
UNLOCK TABLES;

--
-- Table structure for table `roles`
--

DROP TABLE IF EXISTS `roles`;
/*!40101 SET @saved_cs_client     = @@character_set_client */;
/*!40101 SET character_set_client = utf8 */;
CREATE TABLE `roles` (
  `id` int(10) unsigned NOT NULL AUTO_INCREMENT,
  `name` varchar(255) COLLATE utf8_unicode_ci NOT NULL,
  PRIMARY KEY (`id`)
) ENGINE=InnoDB AUTO_INCREMENT=3 DEFAULT CHARSET=utf8 COLLATE=utf8_unicode_ci;
/*!40101 SET character_set_client = @saved_cs_client */;

--
-- Dumping data for table `roles`
--

LOCK TABLES `roles` WRITE;
/*!40000 ALTER TABLE `roles` DISABLE KEYS */;
INSERT INTO `roles` VALUES (1,'web'),(2,'mobile');
/*!40000 ALTER TABLE `roles` ENABLE KEYS */;
UNLOCK TABLES;

--
-- Table structure for table `suggested_missions`
--

DROP TABLE IF EXISTS `suggested_missions`;
/*!40101 SET @saved_cs_client     = @@character_set_client */;
/*!40101 SET character_set_client = utf8 */;
CREATE TABLE `suggested_missions` (
  `id` int(10) unsigned NOT NULL AUTO_INCREMENT,
  `description` varchar(255) COLLATE utf8_unicode_ci DEFAULT NULL,
  `user_id` int(10) unsigned NOT NULL,
  `created_at` timestamp NOT NULL DEFAULT '0000-00-00 00:00:00',
  `updated_at` timestamp NOT NULL DEFAULT '0000-00-00 00:00:00',
  `deleted_at` timestamp NULL DEFAULT NULL,
  PRIMARY KEY (`id`),
  KEY `suggested_missions_user_id_foreign` (`user_id`),
  CONSTRAINT `suggested_missions_user_id_foreign` FOREIGN KEY (`user_id`) REFERENCES `users` (`id`)
) ENGINE=InnoDB AUTO_INCREMENT=15 DEFAULT CHARSET=utf8 COLLATE=utf8_unicode_ci;
/*!40101 SET character_set_client = @saved_cs_client */;

--
-- Dumping data for table `suggested_missions`
--

LOCK TABLES `suggested_missions` WRITE;
/*!40000 ALTER TABLE `suggested_missions` DISABLE KEYS */;
INSERT INTO `suggested_missions` VALUES (1,'CFgff',2,'2016-01-22 13:37:06','2016-01-22 13:37:06',NULL),(2,'   (sic)',14,'2016-01-28 14:09:46','2016-01-28 14:09:46',NULL),(3,' ,      ',14,'2016-01-28 14:10:56','2016-01-28 14:10:56',NULL),(4,'   ',14,'2016-01-28 14:12:06','2016-01-28 14:12:06',NULL),(5,'',14,'2016-01-28 14:12:45','2016-01-28 14:12:45',NULL),(6,'',14,'2016-01-28 14:12:52','2016-01-28 14:12:52',NULL),(7,'  ',14,'2016-01-28 14:13:34','2016-01-28 14:13:34',NULL),(8,'   ',14,'2016-01-28 14:14:02','2016-01-28 14:14:02',NULL),(9,'      trolling;               ',14,'2016-01-28 14:15:52','2016-01-28 14:15:52',NULL),(10,'feadfaefadfaefad',1,'2016-01-29 11:34:55','2016-01-29 11:34:55',NULL),(11,'Apostoli',14,'2016-01-29 20:00:22','2016-01-29 20:00:22',NULL),(12,'Apostoli',14,'2016-01-29 20:00:36','2016-01-29 20:00:36',NULL),(13,'sfdfdfdfdsfsd',1,'2016-02-01 12:34:20','2016-02-01 12:34:20',NULL),(14,'sfdfdfdfdsfsd',1,'2016-02-01 12:35:10','2016-02-01 12:35:10',NULL);
/*!40000 ALTER TABLE `suggested_missions` ENABLE KEYS */;
UNLOCK TABLES;

--
-- Table structure for table `user_invite_points`
--

DROP TABLE IF EXISTS `user_invite_points`;
/*!40101 SET @saved_cs_client     = @@character_set_client */;
/*!40101 SET character_set_client = utf8 */;
CREATE TABLE `user_invite_points` (
  `id` int(10) unsigned NOT NULL AUTO_INCREMENT,
  `points` varchar(255) COLLATE utf8_unicode_ci DEFAULT NULL,
  `user_id` int(10) unsigned NOT NULL,
  `invite_id` int(10) unsigned NOT NULL,
  `created_at` timestamp NOT NULL DEFAULT '0000-00-00 00:00:00',
  `updated_at` timestamp NOT NULL DEFAULT '0000-00-00 00:00:00',
  `deleted_at` timestamp NULL DEFAULT NULL,
  PRIMARY KEY (`id`),
  KEY `user_invite_points_user_id_foreign` (`user_id`),
  KEY `user_invite_points_invite_id_foreign` (`invite_id`),
  CONSTRAINT `user_invite_points_invite_id_foreign` FOREIGN KEY (`invite_id`) REFERENCES `invites` (`id`),
  CONSTRAINT `user_invite_points_user_id_foreign` FOREIGN KEY (`user_id`) REFERENCES `users` (`id`)
) ENGINE=InnoDB DEFAULT CHARSET=utf8 COLLATE=utf8_unicode_ci;
/*!40101 SET character_set_client = @saved_cs_client */;

--
-- Dumping data for table `user_invite_points`
--

LOCK TABLES `user_invite_points` WRITE;
/*!40000 ALTER TABLE `user_invite_points` DISABLE KEYS */;
/*!40000 ALTER TABLE `user_invite_points` ENABLE KEYS */;
UNLOCK TABLES;

--
-- Table structure for table `user_observation_points`
--

DROP TABLE IF EXISTS `user_observation_points`;
/*!40101 SET @saved_cs_client     = @@character_set_client */;
/*!40101 SET character_set_client = utf8 */;
CREATE TABLE `user_observation_points` (
  `id` int(10) unsigned NOT NULL AUTO_INCREMENT,
  `points` varchar(255) COLLATE utf8_unicode_ci DEFAULT NULL,
  `user_id` int(10) unsigned NOT NULL,
  `mission_id` int(10) unsigned NOT NULL,
  `created_at` timestamp NOT NULL DEFAULT '0000-00-00 00:00:00',
  `updated_at` timestamp NOT NULL DEFAULT '0000-00-00 00:00:00',
  `deleted_at` timestamp NULL DEFAULT NULL,
  PRIMARY KEY (`id`),
  KEY `user_observation_points_user_id_foreign` (`user_id`),
  KEY `user_observation_points_mission_id_foreign` (`mission_id`),
  CONSTRAINT `user_observation_points_mission_id_foreign` FOREIGN KEY (`mission_id`) REFERENCES `missions` (`id`),
  CONSTRAINT `user_observation_points_user_id_foreign` FOREIGN KEY (`user_id`) REFERENCES `users` (`id`)
) ENGINE=InnoDB AUTO_INCREMENT=122 DEFAULT CHARSET=utf8 COLLATE=utf8_unicode_ci;
/*!40101 SET character_set_client = @saved_cs_client */;

--
-- Dumping data for table `user_observation_points`
--

LOCK TABLES `user_observation_points` WRITE;
/*!40000 ALTER TABLE `user_observation_points` DISABLE KEYS */;
INSERT INTO `user_observation_points` VALUES (1,'10',6,1,'2016-01-25 09:41:34','2016-01-25 09:41:34',NULL),(2,'20',6,3,'2016-01-25 09:50:01','2016-01-25 09:50:01',NULL),(3,'10',7,1,'2016-01-25 10:22:27','2016-01-25 10:22:27',NULL),(4,'10',9,1,'2016-01-25 10:41:04','2016-01-25 10:41:04',NULL),(5,'20',6,4,'2016-01-25 12:27:32','2016-01-25 12:27:32',NULL),(6,'20',12,4,'2016-01-27 05:17:43','2016-01-27 05:17:43',NULL),(7,'20',12,4,'2016-01-27 06:03:06','2016-01-27 06:03:06',NULL),(8,'20',12,4,'2016-01-27 07:23:42','2016-01-27 07:23:42',NULL),(9,'10',2,1,'2016-01-27 11:32:45','2016-01-27 11:32:45',NULL),(10,'10',2,1,'2016-01-27 11:34:20','2016-01-27 11:34:20',NULL),(11,'10',2,1,'2016-01-27 11:34:37','2016-01-27 11:34:37',NULL),(12,'20',13,4,'2016-01-28 09:50:35','2016-01-28 09:50:35',NULL),(13,'20',13,4,'2016-01-28 09:51:24','2016-01-28 09:51:24',NULL),(14,'10',14,1,'2016-01-28 13:50:02','2016-01-28 13:50:02',NULL),(15,'10',14,1,'2016-01-28 13:59:14','2016-01-28 13:59:14',NULL),(16,'10',14,1,'2016-01-28 13:59:25','2016-01-28 13:59:25',NULL),(17,'10',14,1,'2016-01-28 13:59:35','2016-01-28 13:59:35',NULL),(18,'10',14,1,'2016-01-28 13:59:51','2016-01-28 13:59:51',NULL),(19,'10',14,1,'2016-01-28 14:00:07','2016-01-28 14:00:07',NULL),(20,'10',14,1,'2016-01-28 14:00:20','2016-01-28 14:00:20',NULL),(21,'10',14,1,'2016-01-28 14:00:39','2016-01-28 14:00:39',NULL),(22,'10',14,1,'2016-01-28 14:02:03','2016-01-28 14:02:03',NULL),(23,'10',14,1,'2016-01-28 14:02:07','2016-01-28 14:02:07',NULL),(24,'10',14,1,'2016-01-28 14:02:10','2016-01-28 14:02:10',NULL),(25,'10',14,1,'2016-01-28 14:03:06','2016-01-28 14:03:06',NULL),(26,'10',14,1,'2016-01-28 14:03:09','2016-01-28 14:03:09',NULL),(27,'10',14,1,'2016-01-28 14:03:12','2016-01-28 14:03:12',NULL),(28,'10',14,1,'2016-01-28 14:03:15','2016-01-28 14:03:15',NULL),(29,'10',14,1,'2016-01-28 14:03:19','2016-01-28 14:03:19',NULL),(30,'10',14,1,'2016-01-28 14:04:23','2016-01-28 14:04:23',NULL),(31,'20',14,3,'2016-01-28 14:19:41','2016-01-28 14:19:41',NULL),(32,'20',14,3,'2016-01-28 14:19:45','2016-01-28 14:19:45',NULL),(33,'20',14,3,'2016-01-28 14:19:49','2016-01-28 14:19:49',NULL),(34,'20',14,4,'2016-01-28 14:21:33','2016-01-28 14:21:33',NULL),(35,'10',14,1,'2016-01-28 14:32:37','2016-01-28 14:32:37',NULL),(36,'10',14,1,'2016-01-28 14:32:41','2016-01-28 14:32:41',NULL),(37,'10',14,1,'2016-01-28 14:32:45','2016-01-28 14:32:45',NULL),(38,'20',14,2,'2016-01-28 14:41:20','2016-01-28 14:41:20',NULL),(39,'20',14,2,'2016-01-28 14:41:23','2016-01-28 14:41:23',NULL),(40,'20',14,2,'2016-01-28 14:41:27','2016-01-28 14:41:27',NULL),(41,'20',14,2,'2016-01-28 14:41:30','2016-01-28 14:41:30',NULL),(42,'20',14,2,'2016-01-28 14:41:33','2016-01-28 14:41:33',NULL),(43,'20',14,2,'2016-01-28 14:41:37','2016-01-28 14:41:37',NULL),(44,'20',14,2,'2016-01-28 14:41:40','2016-01-28 14:41:40',NULL),(45,'20',14,2,'2016-01-28 14:41:44','2016-01-28 14:41:44',NULL),(46,'20',14,2,'2016-01-28 14:41:58','2016-01-28 14:41:58',NULL),(47,'20',14,2,'2016-01-28 14:42:10','2016-01-28 14:42:10',NULL),(48,'20',14,2,'2016-01-28 14:42:14','2016-01-28 14:42:14',NULL),(49,'20',14,2,'2016-01-28 14:42:18','2016-01-28 14:42:18',NULL),(50,'20',14,2,'2016-01-28 14:42:21','2016-01-28 14:42:21',NULL),(51,'20',14,2,'2016-01-28 14:42:24','2016-01-28 14:42:24',NULL),(52,'20',14,2,'2016-01-28 14:42:27','2016-01-28 14:42:27',NULL),(53,'20',14,2,'2016-01-28 14:42:30','2016-01-28 14:42:30',NULL),(54,'20',14,2,'2016-01-28 14:42:33','2016-01-28 14:42:33',NULL),(55,'20',14,2,'2016-01-28 14:42:36','2016-01-28 14:42:36',NULL),(56,'20',14,2,'2016-01-28 14:44:07','2016-01-28 14:44:07',NULL),(57,'20',14,2,'2016-01-28 14:44:11','2016-01-28 14:44:11',NULL),(58,'20',14,2,'2016-01-28 14:44:14','2016-01-28 14:44:14',NULL),(59,'20',15,3,'2016-01-29 09:14:59','2016-01-29 09:14:59',NULL),(60,'10',15,1,'2016-01-29 09:22:04','2016-01-29 09:22:04',NULL),(61,'10',1,1,'2016-01-29 10:56:31','2016-01-29 10:56:31',NULL),(62,'20',14,2,'2016-01-29 12:11:18','2016-01-29 12:11:18',NULL),(63,'20',15,3,'2016-01-29 14:48:37','2016-01-29 14:48:37',NULL),(64,'10',15,1,'2016-01-29 14:51:44','2016-01-29 14:51:44',NULL),(65,'10',15,1,'2016-01-29 14:51:51','2016-01-29 14:51:51',NULL),(66,'10',15,1,'2016-01-29 14:51:54','2016-01-29 14:51:54',NULL),(67,'10',15,1,'2016-01-29 14:54:56','2016-01-29 14:54:56',NULL),(68,'10',15,1,'2016-01-29 14:55:02','2016-01-29 14:55:02',NULL),(69,'20',15,4,'2016-01-29 15:06:11','2016-01-29 15:06:11',NULL),(70,'20',15,4,'2016-01-29 15:06:15','2016-01-29 15:06:15',NULL),(71,'20',15,4,'2016-01-29 15:06:19','2016-01-29 15:06:19',NULL),(72,'20',15,4,'2016-01-29 15:06:22','2016-01-29 15:06:22',NULL),(73,'20',14,3,'2016-01-29 15:21:02','2016-01-29 15:21:02',NULL),(74,'20',14,3,'2016-01-29 15:21:07','2016-01-29 15:21:07',NULL),(75,'20',14,3,'2016-01-29 15:21:12','2016-01-29 15:21:12',NULL),(76,'20',14,3,'2016-01-29 15:21:16','2016-01-29 15:21:16',NULL),(77,'20',14,3,'2016-01-29 15:21:20','2016-01-29 15:21:20',NULL),(78,'20',14,3,'2016-01-29 15:21:37','2016-01-29 15:21:37',NULL),(79,'20',14,3,'2016-01-29 15:21:44','2016-01-29 15:21:44',NULL),(80,'20',14,3,'2016-01-29 15:21:51','2016-01-29 15:21:51',NULL),(81,'20',14,3,'2016-01-29 15:21:56','2016-01-29 15:21:56',NULL),(82,'20',14,3,'2016-01-29 15:22:35','2016-01-29 15:22:35',NULL),(83,'20',14,3,'2016-01-29 15:24:06','2016-01-29 15:24:06',NULL),(84,'10',14,1,'2016-01-29 15:24:22','2016-01-29 15:24:22',NULL),(85,'20',14,3,'2016-01-29 15:57:51','2016-01-29 15:57:51',NULL),(86,'20',14,3,'2016-01-29 15:57:59','2016-01-29 15:57:59',NULL),(87,'10',14,1,'2016-01-29 15:58:17','2016-01-29 15:58:17',NULL),(88,'20',14,4,'2016-01-29 18:32:01','2016-01-29 18:32:01',NULL),(89,'20',14,4,'2016-01-29 18:32:05','2016-01-29 18:32:05',NULL),(90,'20',14,4,'2016-01-29 18:32:08','2016-01-29 18:32:08',NULL),(91,'20',14,4,'2016-01-29 18:32:13','2016-01-29 18:32:13',NULL),(92,'20',14,4,'2016-01-29 18:32:18','2016-01-29 18:32:18',NULL),(93,'20',14,4,'2016-01-29 18:32:22','2016-01-29 18:32:22',NULL),(94,'10',14,1,'2016-01-29 18:49:19','2016-01-29 18:49:19',NULL),(95,'10',14,1,'2016-01-29 18:49:59','2016-01-29 18:49:59',NULL),(96,'10',14,1,'2016-01-29 18:50:02','2016-01-29 18:50:02',NULL),(97,'20',14,3,'2016-01-29 19:16:59','2016-01-29 19:16:59',NULL),(98,'20',14,3,'2016-01-29 19:17:08','2016-01-29 19:17:08',NULL),(99,'20',14,3,'2016-01-29 19:53:19','2016-01-29 19:53:19',NULL),(100,'10',14,1,'2016-01-29 20:03:04','2016-01-29 20:03:04',NULL),(101,'20',14,2,'2016-01-29 23:18:40','2016-01-29 23:18:40',NULL),(102,'20',14,2,'2016-01-29 23:19:09','2016-01-29 23:19:09',NULL),(103,'20',14,2,'2016-01-29 23:19:22','2016-01-29 23:19:22',NULL),(104,'20',14,2,'2016-01-29 23:19:27','2016-01-29 23:19:27',NULL),(105,'10',14,1,'2016-01-30 02:15:09','2016-01-30 02:15:09',NULL),(106,'20',14,3,'2016-01-30 02:15:30','2016-01-30 02:15:30',NULL),(107,'20',14,3,'2016-01-30 02:15:35','2016-01-30 02:15:35',NULL),(108,'20',14,3,'2016-01-30 02:15:39','2016-01-30 02:15:39',NULL),(109,'20',14,3,'2016-01-30 04:53:53','2016-01-30 04:53:53',NULL),(110,'20',14,3,'2016-01-30 04:54:03','2016-01-30 04:54:03',NULL),(111,'20',14,3,'2016-01-30 04:54:07','2016-01-30 04:54:07',NULL),(112,'20',14,3,'2016-01-30 04:54:10','2016-01-30 04:54:10',NULL),(113,'20',14,3,'2016-01-30 04:54:15','2016-01-30 04:54:15',NULL),(114,'10',14,1,'2016-01-30 18:05:54','2016-01-30 18:05:54',NULL),(115,'20',14,3,'2016-01-30 18:12:13','2016-01-30 18:12:13',NULL),(116,'20',16,3,'2016-02-02 08:59:59','2016-02-02 08:59:59',NULL),(117,'20',16,3,'2016-02-02 09:00:08','2016-02-02 09:00:08',NULL),(118,'20',16,3,'2016-02-02 09:00:16','2016-02-02 09:00:16',NULL),(119,'20',16,3,'2016-02-02 11:12:11','2016-02-02 11:12:11',NULL),(120,'20',16,2,'2016-02-02 13:47:03','2016-02-02 13:47:03',NULL),(121,'20',16,2,'2016-02-02 13:47:28','2016-02-02 13:47:28',NULL);
/*!40000 ALTER TABLE `user_observation_points` ENABLE KEYS */;
UNLOCK TABLES;

--
-- Table structure for table `users`
--

DROP TABLE IF EXISTS `users`;
/*!40101 SET @saved_cs_client     = @@character_set_client */;
/*!40101 SET character_set_client = utf8 */;
CREATE TABLE `users` (
  `id` int(10) unsigned NOT NULL AUTO_INCREMENT,
  `name` varchar(255) COLLATE utf8_unicode_ci NOT NULL,
  `email` varchar(255) COLLATE utf8_unicode_ci NOT NULL,
  `password` varchar(60) COLLATE utf8_unicode_ci NOT NULL,
  `remember_token` varchar(100) COLLATE utf8_unicode_ci DEFAULT NULL,
  `created_at` timestamp NOT NULL DEFAULT '0000-00-00 00:00:00',
  `updated_at` timestamp NOT NULL DEFAULT '0000-00-00 00:00:00',
  PRIMARY KEY (`id`),
  UNIQUE KEY `users_email_unique` (`email`)
) ENGINE=InnoDB AUTO_INCREMENT=17 DEFAULT CHARSET=utf8 COLLATE=utf8_unicode_ci;
/*!40101 SET character_set_client = @saved_cs_client */;

--
-- Dumping data for table `users`
--

LOCK TABLES `users` WRITE;
/*!40000 ALTER TABLE `users` DISABLE KEYS */;
INSERT INTO `users` VALUES (1,'admin','test@scify.org','$2y$10$LsbzlxrDepiaBzQR470zb.YZUvqqBBl83O7IGpOgZDpTvunW1BEhC','yMmllocUIu6jqydo5DFPTVCl1ujqt6Gh2FnVxxH1FH3JXv5CYm4RsVyOU23S','2016-01-22 10:43:46','2016-01-27 11:27:12'),(2,'','xrist.ven@gmail.com','$2y$10$d7s3P/C219aFTbPW4WDW..kx1MuguUaEs32ltJwI6xTzjuMaDTJUu',NULL,'2016-01-22 13:33:45','2016-01-22 13:33:45'),(3,'Nick','Nick@nick.nick','$2y$10$neviG9qdLopxPCJpGeOcm.T4qrpZKRaEEgTrWJO66jpihhp2WqX0O',NULL,'2016-01-22 13:42:13','2016-01-22 13:42:13'),(4,'giannis','jkalimer13@gmail.com','$2y$10$voQ6m3S1SiI.bpQ118KKyevxlX106.0fWUJ4ncmbMQ0MUSXAbTjQC',NULL,'2016-01-22 23:09:01','2016-01-22 23:09:01'),(5,'Test','Test@test.test','$2y$10$3CZ6g6QmeE.3261PF19K.eTN9L6QVnK2lVEQFY9/jN9q057gL.oxi',NULL,'2016-01-25 08:31:21','2016-01-25 08:31:21'),(6,'xrist','test@tt.gr','$2y$10$hFZtICMjkRPcJkNtkUa3tuI9kKxHYzaBUIb3cz580C3I9EsguwpzO',NULL,'2016-01-25 09:41:19','2016-01-25 09:41:19'),(7,'zte','zte@tt.tt','$2y$10$hzOeP.YFjVasUcq.a1VWhO4aSg/TJ6JHD2XR/vrf82lfBptcyWa7u',NULL,'2016-01-25 09:43:15','2016-01-25 09:43:15'),(8,'alex','alex@a.aa','$2y$10$a4cFZwABQG6UStRsOkGDr.u9LrOuPlRrutmC007ZzDWHNDi5SJk6i',NULL,'2016-01-25 10:28:52','2016-01-25 10:28:52'),(9,'Aris','aris@aris.gr','$2y$10$iEbfP.9qSr8Kiesh3XbSiOQ7Yg1gdvtB8ocQkdl.9U4Zh5LpPOKdG',NULL,'2016-01-25 10:34:14','2016-01-25 10:34:14'),(10,'Tt','Tt@tt.tt','$2y$10$gN/aedDLhEallXgf5DlLneunMTAi.Nyfq4G3CGM.ajgcI46CXHPMC',NULL,'2016-01-25 11:45:22','2016-01-25 11:45:22'),(11,'Alex','Alexandros.tzoumas@gmail.com','$2y$10$NcDYGT9XoMxgqtRO5pHAXumeO7nvnB1Kg0lY5DCxxqhcu0.T.tSOO',NULL,'2016-01-25 13:40:44','2016-01-25 13:40:44'),(12,'Samaras','Samaras@gmail.com','$2y$10$qs8B.v7ndJNjKvuQP5teU.ualF1yNEvvqSCt84Gdy9eu4xK8NEG4e',NULL,'2016-01-25 15:04:33','2016-01-25 15:04:33'),(13,'Billy','v.giannakopoulo@gmail.com','$2y$10$3EddD5iXmi42CG5TUOuN4eHJDnK2KWDda.bmzn4BIBiE9wNO0/tt2',NULL,'2016-01-28 09:34:53','2016-01-28 09:34:53'),(14,'Spike','tiasonidis.scify@gmail.com','$2y$10$J.aurLZ8g/5ZJzPd9/AdauoKNtB2nwl6DGWyq/CeyvrZD9g0no8su',NULL,'2016-01-28 13:31:59','2016-01-28 13:31:59'),(15,'Panagiotis Tselegidis','panatse@gmail.com','$2y$10$BJ6bh7zvhc/N.8yxeykb6e799OagTpGlyqTM9OVkQXhWJmMTQgf76','mkd52tFTemEqun77IwfrQnitr76RXU7Ld6pnsj5PwwuPBkQHu5SoouLni9FH','2016-01-29 09:07:22','2016-01-29 18:30:24'),(16,'desoinac','dchalvatzi@scify.org','$2y$10$W0pV9DAmEmFXV2CHuB14ruf077daKu7ZClIqGTePLH2Js7TrvtX8C',NULL,'2016-02-02 08:34:14','2016-02-02 08:34:14');
/*!40000 ALTER TABLE `users` ENABLE KEYS */;
UNLOCK TABLES;

--
-- Table structure for table `users_missions`
--

DROP TABLE IF EXISTS `users_missions`;
/*!40101 SET @saved_cs_client     = @@character_set_client */;
/*!40101 SET character_set_client = utf8 */;
CREATE TABLE `users_missions` (
  `user_id` int(10) unsigned NOT NULL,
  `mission_id` int(10) unsigned NOT NULL,
  KEY `users_missions_user_id_foreign` (`user_id`),
  KEY `users_missions_mission_id_foreign` (`mission_id`),
  CONSTRAINT `users_missions_mission_id_foreign` FOREIGN KEY (`mission_id`) REFERENCES `missions` (`id`),
  CONSTRAINT `users_missions_user_id_foreign` FOREIGN KEY (`user_id`) REFERENCES `users` (`id`)
) ENGINE=InnoDB DEFAULT CHARSET=utf8 COLLATE=utf8_unicode_ci;
/*!40101 SET character_set_client = @saved_cs_client */;

--
-- Dumping data for table `users_missions`
--

LOCK TABLES `users_missions` WRITE;
/*!40000 ALTER TABLE `users_missions` DISABLE KEYS */;
INSERT INTO `users_missions` VALUES (6,1),(6,3),(7,1),(9,1),(6,4),(12,4),(13,4),(14,1),(14,3),(14,4),(14,2),(15,3),(15,1),(1,1),(15,4),(16,3),(16,2);
/*!40000 ALTER TABLE `users_missions` ENABLE KEYS */;
UNLOCK TABLES;

--
-- Table structure for table `users_roles`
--

DROP TABLE IF EXISTS `users_roles`;
/*!40101 SET @saved_cs_client     = @@character_set_client */;
/*!40101 SET character_set_client = utf8 */;
CREATE TABLE `users_roles` (
  `user_id` int(10) unsigned NOT NULL,
  `role_id` int(10) unsigned NOT NULL,
  KEY `users_roles_user_id_foreign` (`user_id`),
  KEY `users_roles_role_id_foreign` (`role_id`),
  CONSTRAINT `users_roles_role_id_foreign` FOREIGN KEY (`role_id`) REFERENCES `roles` (`id`),
  CONSTRAINT `users_roles_user_id_foreign` FOREIGN KEY (`user_id`) REFERENCES `users` (`id`)
) ENGINE=InnoDB DEFAULT CHARSET=utf8 COLLATE=utf8_unicode_ci;
/*!40101 SET character_set_client = @saved_cs_client */;

--
-- Dumping data for table `users_roles`
--

LOCK TABLES `users_roles` WRITE;
/*!40000 ALTER TABLE `users_roles` DISABLE KEYS */;
INSERT INTO `users_roles` VALUES (2,2),(3,2),(4,2),(5,2),(6,2),(7,2),(8,2),(9,2),(10,2),(11,2),(12,2),(13,2),(14,2),(15,2),(16,2);
/*!40000 ALTER TABLE `users_roles` ENABLE KEYS */;
UNLOCK TABLES;
/*!40103 SET TIME_ZONE=@OLD_TIME_ZONE */;

/*!40101 SET SQL_MODE=@OLD_SQL_MODE */;
/*!40014 SET FOREIGN_KEY_CHECKS=@OLD_FOREIGN_KEY_CHECKS */;
/*!40014 SET UNIQUE_CHECKS=@OLD_UNIQUE_CHECKS */;
/*!40101 SET CHARACTER_SET_CLIENT=@OLD_CHARACTER_SET_CLIENT */;
/*!40101 SET CHARACTER_SET_RESULTS=@OLD_CHARACTER_SET_RESULTS */;
/*!40101 SET COLLATION_CONNECTION=@OLD_COLLATION_CONNECTION */;
/*!40111 SET SQL_NOTES=@OLD_SQL_NOTES */;

-- Dump completed on 2016-02-03 11:37:25
